workbook_name,sheet_index,sheet_name,max_row,max_column,sheet_state
2022-Chapter-I-Health-Indicators.xlsx,1,فهرس الباب الأول,26,38,visible
2022-Chapter-I-Health-Indicators.xlsx,2,1,22,14,visible
2022-Chapter-I-Health-Indicators.xlsx,3,2,10,8,visible
2022-Chapter-I-Health-Indicators.xlsx,4,3,23,11,visible
2022-Chapter-I-Health-Indicators.xlsx,5,4,18,14,visible
2022-Chapter-I-Health-Indicators.xlsx,6,5,32,8,visible
2022-Chapter-I-Health-Indicators.xlsx,7,6,13,8,visible
2022-Chapter-I-Health-Indicators.xlsx,8,7,14,12,visible
2022-Chapter-I-Health-Indicators.xlsx,9,8,22,11,visible
2022-Chapter-I-Health-Indicators.xlsx,10,9,22,12,visible
2022-Chapter-I-Health-Indicators.xlsx,11,10,50,21,visible
2022-Chapter-I-Health-Indicators.xlsx,12,11,33,16,visible
2022-Chapter-I-Health-Indicators.xlsx,13,12,35,17,visible
2022-Chapter-II-Health-Resources.xlsx,1,فهرس الباب الثاني,92,38,visible
2022-Chapter-II-Health-Resources.xlsx,2,2-1,25,6,visible
2022-Chapter-II-Health-Resources.xlsx,3,2-2,17,29,visible
2022-Chapter-II-Health-Resources.xlsx,4,2-3,29,11,visible
2022-Chapter-II-Health-Resources.xlsx,5,2-4,38,22,visible
2022-Chapter-II-Health-Resources.xlsx,6,2-5,53,21,visible
2022-Chapter-II-Health-Resources.xlsx,7,2-6,43,19,visible
2022-Chapter-II-Health-Resources.xlsx,8,2-7,176,21,visible
2022-Chapter-II-Health-Resources.xlsx,9,2-8 ,29,19,visible
2022-Chapter-II-Health-Resources.xlsx,10,2-9,29,10,visible
2022-Chapter-II-Health-Resources.xlsx,11,2-10,32,14,visible
2022-Chapter-II-Health-Resources.xlsx,12,2-11,30,15,visible
2022-Chapter-II-Health-Resources.xlsx,13,2-12,32,20,visible
2022-Chapter-II-Health-Resources.xlsx,14,2-13,29,19,visible
2022-Chapter-II-Health-Resources.xlsx,15,2.14,77,39,visible
2022-Chapter-II-Health-Resources.xlsx,16,2.15,29,19,visible
2022-Chapter-II-Health-Resources.xlsx,17,2.16,29,19,visible
2022-Chapter-II-Health-Resources.xlsx,18,2.17,29,19,visible
2022-Chapter-II-Health-Resources.xlsx,19,2.18,176,21,visible
2022-Chapter-II-Health-Resources.xlsx,20,2.19,131,75,visible
2022-Chapter-II-Health-Resources.xlsx,21,2.20,31,11,visible
2022-Chapter-II-Health-Resources.xlsx,22,2.21,29,19,visible
2022-Chapter-II-Health-Resources.xlsx,23,2.22,34,9,visible
2022-Chapter-II-Health-Resources.xlsx,24,2.23,176,21,visible
2022-Chapter-II-Health-Resources.xlsx,25,2.24,158,21,visible
2022-Chapter-II-Health-Resources.xlsx,26,2.25,22,56,visible
2022-Chapter-II-Health-Resources.xlsx,27,2.26,120,28,visible
2022-Chapter-II-Health-Resources.xlsx,28,2.27,130,24,visible
2022-Chapter-II-Health-Resources.xlsx,29,2.28,29,20,visible
2022-Chapter-II-Health-Resources.xlsx,30,2.29,31,29,visible
2022-Chapter-II-Health-Resources.xlsx,31,2.30,29,25,visible
2022-Chapter-II-Health-Resources.xlsx,32,2.31,31,40,visible
2022-Chapter-II-Health-Resources.xlsx,33,2.32,19,37,visible
2022-Chapter-II-Health-Resources.xlsx,34,2-33,29,16,visible
2022-Chapter-II-Health-Resources.xlsx,35,2.34,181,24,visible
2022-Chapter-II-Health-Resources.xlsx,36,2.35,178,17,visible
2022-Chapter-II-Health-Resources.xlsx,37,2.36,176,16,visible
2022-Chapter-II-Health-Resources.xlsx,38,2.37,131,31,visible
2022-Chapter-II-Health-Resources.xlsx,39,2.38,31,29,visible
2022-Chapter-II-Health-Resources.xlsx,40,2.39,72,11,visible
2022-Chapter-II-Health-Resources.xlsx,41,2.40,19,3,visible
2022-Chapter-II-Health-Resources.xlsx,42,2-41,126,7,visible
2022-Chapter-II-Health-Resources.xlsx,43,2.42,112,7,visible
2022-Chapter-II-Health-Resources.xlsx,44,2.43,107,14,visible
2022-Chapter-II-Health-Resources.xlsx,45,2.44,45,31,visible
2022-Chapter-II-Health-Resources.xlsx,46,2-45,135,14,visible
2022-Chapter-IV-Health-Activities.xlsx,1,فهرس الباب الرابع,122,38,visible
2022-Chapter-IV-Health-Activities.xlsx,2,1,29,9,visible
2022-Chapter-IV-Health-Activities.xlsx,3,2,26,11,visible
2022-Chapter-IV-Health-Activities.xlsx,4,3,26,7,visible
2022-Chapter-IV-Health-Activities.xlsx,5,4,30,13,visible
2022-Chapter-IV-Health-Activities.xlsx,6,5,29,38,visible
2022-Chapter-IV-Health-Activities.xlsx,7,6,48,21,visible
2022-Chapter-IV-Health-Activities.xlsx,8,7,26,7,visible
2022-Chapter-IV-Health-Activities.xlsx,9,8,21,10,visible
2022-Chapter-IV-Health-Activities.xlsx,10,9,32,12,visible
2022-Chapter-IV-Health-Activities.xlsx,11,10,76,15,visible
2022-Chapter-IV-Health-Activities.xlsx,12,4.11,25,5,hidden
2022-Chapter-IV-Health-Activities.xlsx,13,112020,26,23,hidden
2022-Chapter-IV-Health-Activities.xlsx,14,11,24,12,visible
2022-Chapter-IV-Health-Activities.xlsx,15,12,25,9,visible
2022-Chapter-IV-Health-Activities.xlsx,16,13,33,7,visible
2022-Chapter-IV-Health-Activities.xlsx,17,14,18,5,visible
2022-Chapter-IV-Health-Activities.xlsx,18,15,20,10,visible
2022-Chapter-IV-Health-Activities.xlsx,19,16,32,10,visible
2022-Chapter-IV-Health-Activities.xlsx,20,17,33,14,visible
2022-Chapter-IV-Health-Activities.xlsx,21,18,32,7,visible
2022-Chapter-IV-Health-Activities.xlsx,22,19,32,8,visible
2022-Chapter-IV-Health-Activities.xlsx,23,20,28,10,visible
2022-Chapter-IV-Health-Activities.xlsx,24,21,28,23,visible
2022-Chapter-IV-Health-Activities.xlsx,25,22,28,17,visible
2022-Chapter-IV-Health-Activities.xlsx,26,23,37,13,visible
2022-Chapter-IV-Health-Activities.xlsx,27,24,54,14,visible
2022-Chapter-IV-Health-Activities.xlsx,28,4.22,25,5,hidden
2022-Chapter-IV-Health-Activities.xlsx,29,25,20,9,visible
2022-Chapter-IV-Health-Activities.xlsx,30,26,31,16,visible
2022-Chapter-IV-Health-Activities.xlsx,31,27,17,13,visible
2022-Chapter-IV-Health-Activities.xlsx,32,28,34,7,visible
2022-Chapter-IV-Health-Activities.xlsx,33,29,40,61,visible
2022-Chapter-IV-Health-Activities.xlsx,34,30,130,59,visible
2022-Chapter-IV-Health-Activities.xlsx,35,4-32,49,61,hidden
2022-Chapter-IV-Health-Activities.xlsx,36,32ملغى,28,29,hidden
2022-Chapter-IV-Health-Activities.xlsx,37,31,24,9,visible
2022-Chapter-IV-Health-Activities.xlsx,38,32,26,15,visible
2022-Chapter-IV-Health-Activities.xlsx,39,33,21,9,visible
2022-Chapter-IV-Health-Activities.xlsx,40,34,14,6,visible
2022-Chapter-IV-Health-Activities.xlsx,41,35,27,11,visible
2022-Chapter-IV-Health-Activities.xlsx,42,36,29,11,visible
2022-Chapter-IV-Health-Activities.xlsx,43,37,13,18,visible
2022-Chapter-IV-Health-Activities.xlsx,44,38,60,49,visible
2022-Chapter-IV-Health-Activities.xlsx,45,39,22,16,visible
2022-Chapter-IV-Health-Activities.xlsx,46,40,31,30,visible
2022-Chapter-IV-Health-Activities.xlsx,47,41,106,41,visible
2022-Chapter-IV-Health-Activities.xlsx,48,42,20,12,visible
2022-Chapter-IV-Health-Activities.xlsx,49,43,15,10,visible
2022-Chapter-IV-Health-Activities.xlsx,50,4.50,26,5,hidden
2022-Chapter-IV-Health-Activities.xlsx,51,44,17,27,visible
2022-Chapter-IV-Health-Activities.xlsx,52,45,26,37,visible
2022-Chapter-IV-Health-Activities.xlsx,53,46,18,23,visible
2022-Chapter-IV-Health-Activities.xlsx,54,47,45,12,visible
2022-Chapter-IV-Health-Activities.xlsx,55,48,27,8,visible
2022-Chapter-IV-Health-Activities.xlsx,56,49,24,43,visible
2022-Chapter-IV-Health-Activities.xlsx,57,50,23,14,visible
2022-Chapter-IV-Health-Activities.xlsx,58,51,31,48,visible
2022-Chapter-IV-Health-Activities.xlsx,59,52,26,21,visible
2022-Chapter-IV-Health-Activities.xlsx,60,53,12,5,visible
2022-Chapter-IV-Health-Activities.xlsx,61,54,28,11,visible
2022-Chapter-IV-Health-Activities.xlsx,62,55,27,13,visible
2022-Chapter-IV-Health-Activities.xlsx,63,56,16,15,visible
2022-Chapter-IV-Health-Activities.xlsx,64,57,53,6,visible
2022-Chapter-IV-Health-Activities.xlsx,65,58,29,9,visible
2022-Chapter-IV-Health-Activities.xlsx,66,59,27,6,visible
2022-Chapter-IV-Health-Activities.xlsx,67,مؤشرات أداء الصحة,1,1,visible
2022-Chapter-IV-Health-Activities.xlsx,68,fig1,45,26,visible
2022-Chapter-IV-Health-Activities.xlsx,69,fig2,42,26,visible
2022-Chapter-IV-Health-Activities.xlsx,70,fig3,46,27,visible
2022-Chapter-IV-Health-Activities.xlsx,71,fig4,44,26,visible
2022-Chapter-IV-Health-Activities.xlsx,72,fig5,48,26,visible
2022-Chapter-IV-Health-Activities.xlsx,73,fig6,45,29,visible
2022-Chapter-IV-Health-Activities.xlsx,74,fig7,54,26,visible
Statistical-Yearbook-2021-Chapter-I-Health-Indicators.xlsx,1,فهرس الباب الأول,24,38,visible
Statistical-Yearbook-2021-Chapter-I-Health-Indicators.xlsx,2,1,22,8,visible
Statistical-Yearbook-2021-Chapter-I-Health-Indicators.xlsx,3,2,11,9,visible
Statistical-Yearbook-2021-Chapter-I-Health-Indicators.xlsx,4,3,28,8,visible
Statistical-Yearbook-2021-Chapter-I-Health-Indicators.xlsx,5,4,18,14,visible
Statistical-Yearbook-2021-Chapter-I-Health-Indicators.xlsx,6,5,25,8,visible
Statistical-Yearbook-2021-Chapter-I-Health-Indicators.xlsx,7,6,32,8,visible
Statistical-Yearbook-2021-Chapter-I-Health-Indicators.xlsx,8,7,13,8,visible
Statistical-Yearbook-2021-Chapter-I-Health-Indicators.xlsx,9,8,13,9,visible
Statistical-Yearbook-2021-Chapter-I-Health-Indicators.xlsx,10,9,10,10,visible
Statistical-Yearbook-2021-Chapter-I-Health-Indicators.xlsx,11,10,23,10,visible
Statistical-Yearbook-2021-Chapter-I-Health-Indicators.xlsx,12,11,21,17,visible
statistical-yearbook-2021-chapter-II-health-resources.xlsx,1,فهرس الباب الثاني,92,38,visible
statistical-yearbook-2021-chapter-II-health-resources.xlsx,2,2-1,17,7,visible
statistical-yearbook-2021-chapter-II-health-resources.xlsx,3,2-2,16,29,visible
statistical-yearbook-2021-chapter-II-health-resources.xlsx,4,2-3,29,11,visible
statistical-yearbook-2021-chapter-II-health-resources.xlsx,5,2-4,38,22,visible
statistical-yearbook-2021-chapter-II-health-resources.xlsx,6,2-5,45,23,visible
statistical-yearbook-2021-chapter-II-health-resources.xlsx,7,2-6,52,20,visible
statistical-yearbook-2021-chapter-II-health-resources.xlsx,8,2-7,176,21,visible
statistical-yearbook-2021-chapter-II-health-resources.xlsx,9,2-8 ,29,19,visible
statistical-yearbook-2021-chapter-II-health-resources.xlsx,10,2-9,29,10,visible
statistical-yearbook-2021-chapter-II-health-resources.xlsx,11,2-10,32,14,visible
statistical-yearbook-2021-chapter-II-health-resources.xlsx,12,2-11,30,13,visible
statistical-yearbook-2021-chapter-II-health-resources.xlsx,13,2-12,30,20,visible
statistical-yearbook-2021-chapter-II-health-resources.xlsx,14,2-13,29,19,visible
statistical-yearbook-2021-chapter-II-health-resources.xlsx,15,2.14,77,38,visible
statistical-yearbook-2021-chapter-II-health-resources.xlsx,16,2.15,29,22,visible
statistical-yearbook-2021-chapter-II-health-resources.xlsx,17,2.16,29,9,visible
statistical-yearbook-2021-chapter-II-health-resources.xlsx,18,2.17,29,19,visible
statistical-yearbook-2021-chapter-II-health-resources.xlsx,19,2.18,176,21,visible
statistical-yearbook-2021-chapter-II-health-resources.xlsx,20,2.19,131,75,visible
statistical-yearbook-2021-chapter-II-health-resources.xlsx,21,2.20,31,11,visible
statistical-yearbook-2021-chapter-II-health-resources.xlsx,22,2.21,29,19,visible
statistical-yearbook-2021-chapter-II-health-resources.xlsx,23,2.22,34,9,visible
statistical-yearbook-2021-chapter-II-health-resources.xlsx,24,2.23,176,21,visible
statistical-yearbook-2021-chapter-II-health-resources.xlsx,25,2.24,158,21,visible
statistical-yearbook-2021-chapter-II-health-resources.xlsx,26,2.25,19,56,visible
statistical-yearbook-2021-chapter-II-health-resources.xlsx,27,2.26,119,21,visible
statistical-yearbook-2021-chapter-II-health-resources.xlsx,28,2.27,131,24,visible
statistical-yearbook-2021-chapter-II-health-resources.xlsx,29,2.28,29,19,visible
statistical-yearbook-2021-chapter-II-health-resources.xlsx,30,2.29,31,29,visible
statistical-yearbook-2021-chapter-II-health-resources.xlsx,31,2.30,29,25,visible
statistical-yearbook-2021-chapter-II-health-resources.xlsx,32,2.31,20,40,visible
statistical-yearbook-2021-chapter-II-health-resources.xlsx,33,2.32,17,37,visible
statistical-yearbook-2021-chapter-II-health-resources.xlsx,34,2-33,29,16,visible
statistical-yearbook-2021-chapter-II-health-resources.xlsx,35,2.34,181,24,visible
statistical-yearbook-2021-chapter-II-health-resources.xlsx,36,2.35,178,17,visible
statistical-yearbook-2021-chapter-II-health-resources.xlsx,37,2.36,176,16,visible
statistical-yearbook-2021-chapter-II-health-resources.xlsx,38,2.37,131,31,visible
statistical-yearbook-2021-chapter-II-health-resources.xlsx,39,2.38,31,27,visible
statistical-yearbook-2021-chapter-II-health-resources.xlsx,40,2.39,70,5,visible
statistical-yearbook-2021-chapter-II-health-resources.xlsx,41,2.40,31,30,visible
statistical-yearbook-2021-chapter-II-health-resources.xlsx,42,2-41,122,7,visible
statistical-yearbook-2021-chapter-II-health-resources.xlsx,43,2.42,114,7,visible
statistical-yearbook-2021-chapter-II-health-resources.xlsx,44,2.43,70,32,visible
statistical-yearbook-2021-chapter-II-health-resources.xlsx,45,2.44,43,32,visible
statistical-yearbook-2021-chapter-II-health-resources.xlsx,46,2-45,120,32,visible
statistical-yearbook-2021-chapter-IV-health-activities.xlsx,1,فهرس الباب الرابع,124,38,visible
statistical-yearbook-2021-chapter-IV-health-activities.xlsx,2,1,29,10,visible
statistical-yearbook-2021-chapter-IV-health-activities.xlsx,3,2,40,11,visible
statistical-yearbook-2021-chapter-IV-health-activities.xlsx,4,3,40,7,visible
statistical-yearbook-2021-chapter-IV-health-activities.xlsx,5,4,39,22,visible
statistical-yearbook-2021-chapter-IV-health-activities.xlsx,6,5,27,14,visible
statistical-yearbook-2021-chapter-IV-health-activities.xlsx,7,6,48,21,visible
statistical-yearbook-2021-chapter-IV-health-activities.xlsx,8,7,26,7,visible
statistical-yearbook-2021-chapter-IV-health-activities.xlsx,9,8,21,10,visible
statistical-yearbook-2021-chapter-IV-health-activities.xlsx,10,9,32,12,visible
statistical-yearbook-2021-chapter-IV-health-activities.xlsx,11,10,78,15,visible
statistical-yearbook-2021-chapter-IV-health-activities.xlsx,12,4.11,25,5,hidden
statistical-yearbook-2021-chapter-IV-health-activities.xlsx,13,112020,26,23,hidden
statistical-yearbook-2021-chapter-IV-health-activities.xlsx,14,11,27,9,visible
statistical-yearbook-2021-chapter-IV-health-activities.xlsx,15,12,20,9,visible
statistical-yearbook-2021-chapter-IV-health-activities.xlsx,16,13,41,9,visible
statistical-yearbook-2021-chapter-IV-health-activities.xlsx,17,14,19,16,visible
statistical-yearbook-2021-chapter-IV-health-activities.xlsx,18,15,20,10,visible
statistical-yearbook-2021-chapter-IV-health-activities.xlsx,19,16,32,30,visible
statistical-yearbook-2021-chapter-IV-health-activities.xlsx,20,17,33,14,visible
statistical-yearbook-2021-chapter-IV-health-activities.xlsx,21,18,32,10,visible
statistical-yearbook-2021-chapter-IV-health-activities.xlsx,22,19,86,60,visible
statistical-yearbook-2021-chapter-IV-health-activities.xlsx,23,20,37,16,visible
statistical-yearbook-2021-chapter-IV-health-activities.xlsx,24,21,11,13,visible
statistical-yearbook-2021-chapter-IV-health-activities.xlsx,25,22,28,30,visible
statistical-yearbook-2021-chapter-IV-health-activities.xlsx,26,23,28,11,visible
statistical-yearbook-2021-chapter-IV-health-activities.xlsx,27,24,28,14,visible
statistical-yearbook-2021-chapter-IV-health-activities.xlsx,28,25,52,14,visible
statistical-yearbook-2021-chapter-IV-health-activities.xlsx,29,4.22,25,5,hidden
statistical-yearbook-2021-chapter-IV-health-activities.xlsx,30,26,20,9,visible
statistical-yearbook-2021-chapter-IV-health-activities.xlsx,31,27,31,13,visible
statistical-yearbook-2021-chapter-IV-health-activities.xlsx,32,28,48,12,visible
statistical-yearbook-2021-chapter-IV-health-activities.xlsx,33,29,32,12,visible
statistical-yearbook-2021-chapter-IV-health-activities.xlsx,34,30,86,61,visible
statistical-yearbook-2021-chapter-IV-health-activities.xlsx,35,31,46,59,visible
statistical-yearbook-2021-chapter-IV-health-activities.xlsx,36,4-32,49,61,hidden
statistical-yearbook-2021-chapter-IV-health-activities.xlsx,37,32ملغى,28,29,hidden
statistical-yearbook-2021-chapter-IV-health-activities.xlsx,38,32,24,14,visible
statistical-yearbook-2021-chapter-IV-health-activities.xlsx,39,33,26,16,visible
statistical-yearbook-2021-chapter-IV-health-activities.xlsx,40,34,21,10,visible
statistical-yearbook-2021-chapter-IV-health-activities.xlsx,41,35,14,6,visible
statistical-yearbook-2021-chapter-IV-health-activities.xlsx,42,36,27,9,visible
statistical-yearbook-2021-chapter-IV-health-activities.xlsx,43,37,47,11,visible
statistical-yearbook-2021-chapter-IV-health-activities.xlsx,44,38,14,39,visible
statistical-yearbook-2021-chapter-IV-health-activities.xlsx,45,39,51,19,visible
statistical-yearbook-2021-chapter-IV-health-activities.xlsx,46,40,33,15,visible
statistical-yearbook-2021-chapter-IV-health-activities.xlsx,47,41,37,4,visible
statistical-yearbook-2021-chapter-IV-health-activities.xlsx,48,42,26,7,visible
statistical-yearbook-2021-chapter-IV-health-activities.xlsx,49,43,45,41,visible
statistical-yearbook-2021-chapter-IV-health-activities.xlsx,50,44,20,12,visible
statistical-yearbook-2021-chapter-IV-health-activities.xlsx,51,45,73,14,visible
statistical-yearbook-2021-chapter-IV-health-activities.xlsx,52,4.50,26,5,hidden
statistical-yearbook-2021-chapter-IV-health-activities.xlsx,53,46,16,34,visible
statistical-yearbook-2021-chapter-IV-health-activities.xlsx,54,47,26,8,visible
statistical-yearbook-2021-chapter-IV-health-activities.xlsx,55,48,9,23,visible
statistical-yearbook-2021-chapter-IV-health-activities.xlsx,56,49,45,12,visible
statistical-yearbook-2021-chapter-IV-health-activities.xlsx,57,50,27,8,visible
statistical-yearbook-2021-chapter-IV-health-activities.xlsx,58,51,24,13,visible
statistical-yearbook-2021-chapter-IV-health-activities.xlsx,59,52,23,14,visible
statistical-yearbook-2021-chapter-IV-health-activities.xlsx,60,53,29,46,visible
statistical-yearbook-2021-chapter-IV-health-activities.xlsx,61,54,26,30,visible
statistical-yearbook-2021-chapter-IV-health-activities.xlsx,62,55,13,7,visible
statistical-yearbook-2021-chapter-IV-health-activities.xlsx,63,56,28,20,visible
statistical-yearbook-2021-chapter-IV-health-activities.xlsx,64,57,27,23,visible
statistical-yearbook-2021-chapter-IV-health-activities.xlsx,65,58,16,14,visible
statistical-yearbook-2021-chapter-IV-health-activities.xlsx,66,59,15,4,visible
statistical-yearbook-2021-chapter-IV-health-activities.xlsx,67,60,29,9,visible
statistical-yearbook-2021-chapter-IV-health-activities.xlsx,68,61,27,6,visible
statistical-yearbook-2021-chapter-IV-health-activities.xlsx,69,مؤشرات أداء الصحة,1,1,visible
statistical-yearbook-2021-chapter-IV-health-activities.xlsx,70,fig1,48,25,visible
statistical-yearbook-2021-chapter-IV-health-activities.xlsx,71,fig2,41,26,visible
statistical-yearbook-2021-chapter-IV-health-activities.xlsx,72,fig3,45,26,visible
statistical-yearbook-2021-chapter-IV-health-activities.xlsx,73,fig4,42,26,visible
statistical-yearbook-2021-chapter-IV-health-activities.xlsx,74,fig5,46,26,visible
statistical-yearbook-2021-chapter-IV-health-activities.xlsx,75,fig6,44,26,visible
statistical-yearbook-2021-chapter-IV-health-activities.xlsx,76,fig7,54,26,visible
Statistical-Yearbook-2023.xlsx,1,فهرس الباب الأول,28,38,visible
Statistical-Yearbook-2023.xlsx,2,1,22,14,visible
Statistical-Yearbook-2023.xlsx,3,2,33,16,visible
Statistical-Yearbook-2023.xlsx,4,3,50,21,visible
Statistical-Yearbook-2023.xlsx,5,4,35,17,visible
Statistical-Yearbook-2023.xlsx,6,5,18,7,visible
Statistical-Yearbook-2023.xlsx,7,6,11,12,visible
Statistical-Yearbook-2023.xlsx,8,7,23,6,visible
Statistical-Yearbook-2023.xlsx,9,8,23,5,visible
Statistical-Yearbook-2023.xlsx,10,9,18,10,visible
Statistical-Yearbook-2023.xlsx,11,10,32,8,visible
Statistical-Yearbook-2023.xlsx,12,11,13,12,visible
Statistical-Yearbook-2023.xlsx,13,12,14,12,visible
Statistical-Yearbook-2023.xlsx,14,13,28,8,visible
Statistical-Yearbook-2023.xlsx,15,فهرس الباب الثاني,108,38,visible
Statistical-Yearbook-2023.xlsx,16,1.,16,4,visible
Statistical-Yearbook-2023.xlsx,17,2.,17,29,visible
Statistical-Yearbook-2023.xlsx,18,3.,29,12,visible
Statistical-Yearbook-2023.xlsx,19,4.,38,26,visible
Statistical-Yearbook-2023.xlsx,20,5.,49,18,visible
Statistical-Yearbook-2023.xlsx,21,6.,31,21,visible
Statistical-Yearbook-2023.xlsx,22,7.,43,22,visible
Statistical-Yearbook-2023.xlsx,23,8.,43,22,visible
Statistical-Yearbook-2023.xlsx,24,9.,46,24,visible
Statistical-Yearbook-2023.xlsx,25,10.,46,24,visible
Statistical-Yearbook-2023.xlsx,26,11.,43,21,visible
Statistical-Yearbook-2023.xlsx,27,12.,176,21,visible
Statistical-Yearbook-2023.xlsx,28,13.,29,19,visible
Statistical-Yearbook-2023.xlsx,29,14,29,10,visible
Statistical-Yearbook-2023.xlsx,30,15,32,14,visible
Statistical-Yearbook-2023.xlsx,31,16,30,24,visible
Statistical-Yearbook-2023.xlsx,32,17,34,20,visible
Statistical-Yearbook-2023.xlsx,33,18,29,19,visible
Statistical-Yearbook-2023.xlsx,34,19,77,38,visible
Statistical-Yearbook-2023.xlsx,35,20,29,19,visible
Statistical-Yearbook-2023.xlsx,36,21,27,12,visible
Statistical-Yearbook-2023.xlsx,37,22,29,19,visible
Statistical-Yearbook-2023.xlsx,38,23,176,21,visible
Statistical-Yearbook-2023.xlsx,39,24,131,75,visible
Statistical-Yearbook-2023.xlsx,40,25,31,11,visible
Statistical-Yearbook-2023.xlsx,41,26,29,19,visible
Statistical-Yearbook-2023.xlsx,42,27,34,9,visible
Statistical-Yearbook-2023.xlsx,43,28,176,21,visible
Statistical-Yearbook-2023.xlsx,44,29,158,21,visible
Statistical-Yearbook-2023.xlsx,45,30,14,37,visible
Statistical-Yearbook-2023.xlsx,46,31,120,28,visible
Statistical-Yearbook-2023.xlsx,47,32,130,24,visible
Statistical-Yearbook-2023.xlsx,48,33,29,19,visible
Statistical-Yearbook-2023.xlsx,49,34,31,29,visible
Statistical-Yearbook-2023.xlsx,50,35,29,28,visible
Statistical-Yearbook-2023.xlsx,51,36,20,40,visible
Statistical-Yearbook-2023.xlsx,52,37,17,37,visible
Statistical-Yearbook-2023.xlsx,53,38,29,16,visible
Statistical-Yearbook-2023.xlsx,54,39,181,24,visible
Statistical-Yearbook-2023.xlsx,55,40,178,17,visible
Statistical-Yearbook-2023.xlsx,56,41,176,16,visible
Statistical-Yearbook-2023.xlsx,57,42,131,31,visible
Statistical-Yearbook-2023.xlsx,58,43,31,32,visible
Statistical-Yearbook-2023.xlsx,59,44,70,10,visible
Statistical-Yearbook-2023.xlsx,60,45,58,10,visible
Statistical-Yearbook-2023.xlsx,61,46,70,7,visible
Statistical-Yearbook-2023.xlsx,62,47,29,58,visible
Statistical-Yearbook-2023.xlsx,63,48,35,4,visible
Statistical-Yearbook-2023.xlsx,64,49,126,7,visible
Statistical-Yearbook-2023.xlsx,65,50,112,7,visible
Statistical-Yearbook-2023.xlsx,66,51,153,10,visible
Statistical-Yearbook-2023.xlsx,67,52,44,31,visible
Statistical-Yearbook-2023.xlsx,68,53,139,84,visible
Statistical-Yearbook-2023.xlsx,69,فهرس الباب الثالث,50,39,visible
Statistical-Yearbook-2023.xlsx,70,3-1,15,8,visible
Statistical-Yearbook-2023.xlsx,71,3-2,53,31,visible
Statistical-Yearbook-2023.xlsx,72,3-2تكملة,27,37,visible
Statistical-Yearbook-2023.xlsx,73,3-3,37,16,visible
Statistical-Yearbook-2023.xlsx,74,3-4,38,10,visible
Statistical-Yearbook-2023.xlsx,75,3-5,220,18,visible
Statistical-Yearbook-2023.xlsx,76,3-6,101,16,visible
Statistical-Yearbook-2023.xlsx,77,3-7,38,19,visible
Statistical-Yearbook-2023.xlsx,78,3-8,37,19,visible
Statistical-Yearbook-2023.xlsx,79,3.9,35,8,visible
Statistical-Yearbook-2023.xlsx,80,3-10,30,12,visible
Statistical-Yearbook-2023.xlsx,81,3-11,32,15,visible
Statistical-Yearbook-2023.xlsx,82,3-12,1005,10,visible
Statistical-Yearbook-2023.xlsx,83,3-13,35,18,visible
Statistical-Yearbook-2023.xlsx,84,3-14,28,24,visible
Statistical-Yearbook-2023.xlsx,85,3-15,28,16,visible
Statistical-Yearbook-2023.xlsx,86,3-16,20,16,visible
Statistical-Yearbook-2023.xlsx,87,3-17,17,10,visible
Statistical-Yearbook-2023.xlsx,88,3-18,54,20,visible
Statistical-Yearbook-2023.xlsx,89,3-19,29,12,visible
Statistical-Yearbook-2023.xlsx,90,3-20,18,15,visible
Statistical-Yearbook-2023.xlsx,91,3-21,11,8,visible
Statistical-Yearbook-2023.xlsx,92,3.22,28,17,visible
Statistical-Yearbook-2023.xlsx,93,3-23,28,12,visible
Statistical-Yearbook-2023.xlsx,94,فهرس الباب الرابع,122,38,visible
Statistical-Yearbook-2023.xlsx,95,1..,29,15,visible
Statistical-Yearbook-2023.xlsx,96,2..,26,12,visible
Statistical-Yearbook-2023.xlsx,97,3..,27,7,visible
Statistical-Yearbook-2023.xlsx,98,4..,34,13,visible
Statistical-Yearbook-2023.xlsx,99,5..,29,38,visible
Statistical-Yearbook-2023.xlsx,100,6..,48,25,visible
Statistical-Yearbook-2023.xlsx,101,7..,26,7,visible
Statistical-Yearbook-2023.xlsx,102,8..,21,10,visible
Statistical-Yearbook-2023.xlsx,103,9..,32,14,visible
Statistical-Yearbook-2023.xlsx,104,10..,79,15,visible
Statistical-Yearbook-2023.xlsx,105,11..,22,13,visible
Statistical-Yearbook-2023.xlsx,106,12..,25,9,visible
Statistical-Yearbook-2023.xlsx,107,13..,47,13,visible
Statistical-Yearbook-2023.xlsx,108,14..,18,5,visible
Statistical-Yearbook-2023.xlsx,109,15..,20,10,visible
Statistical-Yearbook-2023.xlsx,110,16..,31,8,visible
Statistical-Yearbook-2023.xlsx,111,17..,32,14,visible
Statistical-Yearbook-2023.xlsx,112,18.,31,7,visible
Statistical-Yearbook-2023.xlsx,113,19.,32,8,visible
Statistical-Yearbook-2023.xlsx,114,20.,28,10,visible
Statistical-Yearbook-2023.xlsx,115,21.,29,25,visible
Statistical-Yearbook-2023.xlsx,116,22.,28,9,visible
Statistical-Yearbook-2023.xlsx,117,23.,37,15,visible
Statistical-Yearbook-2023.xlsx,118,24.,54,14,visible
Statistical-Yearbook-2023.xlsx,119,25.,20,9,visible
Statistical-Yearbook-2023.xlsx,120,26.,31,14,visible
Statistical-Yearbook-2023.xlsx,121,27.,48,19,visible
Statistical-Yearbook-2023.xlsx,122,28.,34,9,visible
Statistical-Yearbook-2023.xlsx,123,29.,70,61,visible
Statistical-Yearbook-2023.xlsx,124,30.,110,59,visible
Statistical-Yearbook-2023.xlsx,125,31.,24,12,visible
Statistical-Yearbook-2023.xlsx,126,32.,26,15,visible
Statistical-Yearbook-2023.xlsx,127,33.,21,8,visible
Statistical-Yearbook-2023.xlsx,128,34.,14,6,visible
Statistical-Yearbook-2023.xlsx,129,35.,27,11,visible
Statistical-Yearbook-2023.xlsx,130,36.,29,8,visible
Statistical-Yearbook-2023.xlsx,131,37.,13,18,visible
Statistical-Yearbook-2023.xlsx,132,38.,55,49,visible
Statistical-Yearbook-2023.xlsx,133,39.,22,17,visible
Statistical-Yearbook-2023.xlsx,134,40.,32,30,visible
Statistical-Yearbook-2023.xlsx,135,41.,28,20,visible
Statistical-Yearbook-2023.xlsx,136,42.,18,3,visible
Statistical-Yearbook-2023.xlsx,137,43.,20,14,visible
Statistical-Yearbook-2023.xlsx,138,44.,15,10,visible
Statistical-Yearbook-2023.xlsx,139,45.,17,27,visible
Statistical-Yearbook-2023.xlsx,140,46.,26,5,visible
Statistical-Yearbook-2023.xlsx,141,47.,18,25,visible
Statistical-Yearbook-2023.xlsx,142,48.,48,12,visible
Statistical-Yearbook-2023.xlsx,143,49.,27,8,visible
Statistical-Yearbook-2023.xlsx,144,50.,24,43,visible
Statistical-Yearbook-2023.xlsx,145,51.,23,15,visible
Statistical-Yearbook-2023.xlsx,146,52.,34,48,visible
Statistical-Yearbook-2023.xlsx,147,53.,26,12,visible
Statistical-Yearbook-2023.xlsx,148,54,12,5,visible
Statistical-Yearbook-2023.xlsx,149,55,28,11,visible
Statistical-Yearbook-2023.xlsx,150,56,27,9,visible
Statistical-Yearbook-2023.xlsx,151,57,16,10,visible
Statistical-Yearbook-2023.xlsx,152,58,53,7,visible
Statistical-Yearbook-2023.xlsx,153,59,28,10,visible
Statistical-Yearbook-2023.xlsx,154,60,27,6,visible
Statistical-Yearbook-2023.xlsx,155,مؤشرات أداء الصحة,1,1,visible
Statistical-Yearbook-2023.xlsx,156,fig1,45,26,visible
Statistical-Yearbook-2023.xlsx,157,fig2,42,26,visible
Statistical-Yearbook-2023.xlsx,158,fig3,46,27,visible
Statistical-Yearbook-2023.xlsx,159,fig4,44,26,visible
Statistical-Yearbook-2023.xlsx,160,fig5,48,26,visible
Statistical-Yearbook-2023.xlsx,161,fig6,45,29,visible
Statistical-Yearbook-2023.xlsx,162,fig7,54,26,visible
Statistical-Yearbook-2023.xlsx,163,فهرس الباب الخامس,38,38,visible
Statistical-Yearbook-2023.xlsx,164,5-1,18,16,visible
Statistical-Yearbook-2023.xlsx,165,5-2,20,7,visible
Statistical-Yearbook-2023.xlsx,166,5-3,15,16,visible
Statistical-Yearbook-2023.xlsx,167,5-4,10,8,visible
Statistical-Yearbook-2023.xlsx,168,5-5,10,16,visible
Statistical-Yearbook-2023.xlsx,169,5-6,10,16,visible
Statistical-Yearbook-2023.xlsx,170,5-7,10,16,visible
Statistical-Yearbook-2023.xlsx,171,5-8,10,16,visible
Statistical-Yearbook-2023.xlsx,172,5-9,10,16,visible
Statistical-Yearbook-2023.xlsx,173,5-10,10,16,visible
Statistical-Yearbook-2023.xlsx,174,5-11,10,16,visible
Statistical-Yearbook-2023.xlsx,175,5-12,10,16,visible
Statistical-Yearbook-2023.xlsx,176,5-13,10,16,visible
Statistical-Yearbook-2023.xlsx,177,5-14,10,16,visible
Statistical-Yearbook-2023.xlsx,178,5-15,10,16,visible
Statistical-Yearbook-2023.xlsx,179,5-16,10,16,visible
Statistical-Yearbook-2024.xlsx,1,المناطق عربي,25,6,visible
Statistical-Yearbook-2024.xlsx,2,المناطق انجليزي,25,6,visible
Statistical-Yearbook-2024.xlsx,3,فهرس الباب الأول,26,23,visible
Statistical-Yearbook-2024.xlsx,4,1-1,18,10,visible
Statistical-Yearbook-2024.xlsx,5,1-2,19,5,visible
Statistical-Yearbook-2024.xlsx,6,1-3,24,11,visible
Statistical-Yearbook-2024.xlsx,7,1-4,24,11,visible
Statistical-Yearbook-2024.xlsx,8,1-5,34,15,visible
Statistical-Yearbook-2024.xlsx,9,1-6,20,4,visible
Statistical-Yearbook-2024.xlsx,10,1-7,19,15,visible
Statistical-Yearbook-2024.xlsx,11,1-8,18,11,visible
Statistical-Yearbook-2024.xlsx,12,1-9,32,8,visible
Statistical-Yearbook-2024.xlsx,13,1-10,12,12,visible
Statistical-Yearbook-2024.xlsx,14,1-11,14,12,visible
Statistical-Yearbook-2024.xlsx,15,1-12,29,9,visible
Statistical-Yearbook-2024.xlsx,16,فهرس الباب الثاني,122,38,visible
Statistical-Yearbook-2024.xlsx,17,2-1,14,5,visible
Statistical-Yearbook-2024.xlsx,18,2-2,17,29,visible
Statistical-Yearbook-2024.xlsx,19,2-3,31,14,visible
Statistical-Yearbook-2024.xlsx,20,2-4,35,16,visible
Statistical-Yearbook-2024.xlsx,21,2-5,26,8,visible
Statistical-Yearbook-2024.xlsx,22,2-6,29,20,visible
Statistical-Yearbook-2024.xlsx,23,2-7,38,20,visible
Statistical-Yearbook-2024.xlsx,24,2-8,36,10,visible
Statistical-Yearbook-2024.xlsx,25,2-9,34,12,visible
Statistical-Yearbook-2024.xlsx,26,2-10,13,14,visible
Statistical-Yearbook-2024.xlsx,27,2-11,25,12,visible
Statistical-Yearbook-2024.xlsx,28,2-12,31,7,visible
Statistical-Yearbook-2024.xlsx,29,2-13,26,12,visible
Statistical-Yearbook-2024.xlsx,30,2-14,29,24,visible
Statistical-Yearbook-2024.xlsx,31,2-15,28,31,visible
Statistical-Yearbook-2024.xlsx,32,2-16,17,31,visible
Statistical-Yearbook-2024.xlsx,33,2-17,44,28,visible
Statistical-Yearbook-2024.xlsx,34,2-18,31,21,visible
Statistical-Yearbook-2024.xlsx,35,2-19,50,24,visible
Statistical-Yearbook-2024.xlsx,36,2-20,46,22,visible
Statistical-Yearbook-2024.xlsx,37,2-21,46,22,visible
Statistical-Yearbook-2024.xlsx,38,2-22,46,22,visible
Statistical-Yearbook-2024.xlsx,39,2-23,49,22,visible
Statistical-Yearbook-2024.xlsx,40,2-24,176,21,visible
Statistical-Yearbook-2024.xlsx,41,2-25,176,28,visible
Statistical-Yearbook-2024.xlsx,42,2-26,176,21,visible
Statistical-Yearbook-2024.xlsx,43,2-27,176,21,visible
Statistical-Yearbook-2024.xlsx,44,2-28,98,28,visible
Statistical-Yearbook-2024.xlsx,45,2-29,131,31,visible
Statistical-Yearbook-2024.xlsx,46,2-30,131,31,visible
Statistical-Yearbook-2024.xlsx,47,2-31,131,31,visible
Statistical-Yearbook-2024.xlsx,48,2-32,89,31,visible
Statistical-Yearbook-2024.xlsx,49,2-33,33,10,visible
Statistical-Yearbook-2024.xlsx,50,2-34,33,10,visible
Statistical-Yearbook-2024.xlsx,51,2-35,33,10,visible
Statistical-Yearbook-2024.xlsx,52,2-36,33,10,visible
Statistical-Yearbook-2024.xlsx,53,2-37,33,19,visible
Statistical-Yearbook-2024.xlsx,54,2-38,33,19,visible
Statistical-Yearbook-2024.xlsx,55,2-39,33,19,visible
Statistical-Yearbook-2024.xlsx,56,2-40,33,19,visible
Statistical-Yearbook-2024.xlsx,57,2-41,176,21,visible
Statistical-Yearbook-2024.xlsx,58,2-42,33,19,visible
Statistical-Yearbook-2024.xlsx,59,2-43,30,19,visible
Statistical-Yearbook-2024.xlsx,60,2-44,176,21,visible
Statistical-Yearbook-2024.xlsx,61,2-45,158,21,visible
Statistical-Yearbook-2024.xlsx,62,2-46,178,17,visible
Statistical-Yearbook-2024.xlsx,63,2-47,176,21,visible
Statistical-Yearbook-2024.xlsx,64,2-48,31,32,visible
Statistical-Yearbook-2024.xlsx,65,2-49,27,7,visible
Statistical-Yearbook-2024.xlsx,66,2-50,25,7,visible
Statistical-Yearbook-2024.xlsx,67,2-51,94,47,visible
Statistical-Yearbook-2024.xlsx,68,2-52,56,50,visible
Statistical-Yearbook-2024.xlsx,69,2-53,47,4,visible
Statistical-Yearbook-2024.xlsx,70,2-54,136,7,visible
Statistical-Yearbook-2024.xlsx,71,2-55,134,7,visible
Statistical-Yearbook-2024.xlsx,72,2-56,105,7,visible
Statistical-Yearbook-2024.xlsx,73,2-57,105,7,visible
Statistical-Yearbook-2024.xlsx,74,2-58,185,6,visible
Statistical-Yearbook-2024.xlsx,75,2-59,42,6,visible
Statistical-Yearbook-2024.xlsx,76,2-60,152,84,visible
Statistical-Yearbook-2024.xlsx,77,فهرس الباب الثالث,50,39,visible
Statistical-Yearbook-2024.xlsx,78,3-1,15,11,visible
Statistical-Yearbook-2024.xlsx,79,3-2,28,31,visible
Statistical-Yearbook-2024.xlsx,80,3-2تكملة,27,37,visible
Statistical-Yearbook-2024.xlsx,81,3-3,37,16,visible
Statistical-Yearbook-2024.xlsx,82,3-4,38,10,visible
Statistical-Yearbook-2024.xlsx,83,3-5,48,15,visible
Statistical-Yearbook-2024.xlsx,84,3-6,38,12,visible
Statistical-Yearbook-2024.xlsx,85,3-7,36,35,visible
Statistical-Yearbook-2024.xlsx,86,3-8,36,35,visible
Statistical-Yearbook-2024.xlsx,87,3.9,35,7,visible
Statistical-Yearbook-2024.xlsx,88,3-10,30,14,visible
Statistical-Yearbook-2024.xlsx,89,3-11,32,15,visible
Statistical-Yearbook-2024.xlsx,90,3-12,1005,10,visible
Statistical-Yearbook-2024.xlsx,91,3-13,38,21,visible
Statistical-Yearbook-2024.xlsx,92,3-14,28,24,visible
Statistical-Yearbook-2024.xlsx,93,3-15,28,19,visible
Statistical-Yearbook-2024.xlsx,94,3-16,20,33,visible
Statistical-Yearbook-2024.xlsx,95,3-17,20,11,visible
Statistical-Yearbook-2024.xlsx,96,3-18,54,14,visible
Statistical-Yearbook-2024.xlsx,97,3-19,35,17,visible
Statistical-Yearbook-2024.xlsx,98,3-20,9,18,visible
Statistical-Yearbook-2024.xlsx,99,3-21,11,10,visible
Statistical-Yearbook-2024.xlsx,100,3.22,28,22,visible
Statistical-Yearbook-2024.xlsx,101,3-23,28,10,visible
Statistical-Yearbook-2024.xlsx,102,فهرس الباب الرابع,146,38,visible
Statistical-Yearbook-2024.xlsx,103,4-1,28,28,visible
Statistical-Yearbook-2024.xlsx,104,4-2,27,47,visible
Statistical-Yearbook-2024.xlsx,105,4-3,37,18,visible
Statistical-Yearbook-2024.xlsx,106,4-4,37,18,visible
Statistical-Yearbook-2024.xlsx,107,4-5,37,18,visible
Statistical-Yearbook-2024.xlsx,108,4-6,30,13,visible
Statistical-Yearbook-2024.xlsx,109,4-7,25,21,visible
Statistical-Yearbook-2024.xlsx,110,4-8,26,7,visible
Statistical-Yearbook-2024.xlsx,111,4-9,21,10,visible
Statistical-Yearbook-2024.xlsx,112,4-10,21,15,visible
Statistical-Yearbook-2024.xlsx,113,4-11,80,18,visible
Statistical-Yearbook-2024.xlsx,114,4-12,23,29,visible
Statistical-Yearbook-2024.xlsx,115,4-13,21,57,visible
Statistical-Yearbook-2024.xlsx,116,4-14,29,33,visible
Statistical-Yearbook-2024.xlsx,117,4-15,25,9,visible
Statistical-Yearbook-2024.xlsx,118,4-16,37,18,visible
Statistical-Yearbook-2024.xlsx,119,4-17,19,12,visible
Statistical-Yearbook-2024.xlsx,120,4-18,28,13,visible
Statistical-Yearbook-2024.xlsx,121,4-19,31,18,visible
Statistical-Yearbook-2024.xlsx,122,4-20,32,14,visible
Statistical-Yearbook-2024.xlsx,123,4-21,30,6,visible
Statistical-Yearbook-2024.xlsx,124,4-22,32,8,visible
Statistical-Yearbook-2024.xlsx,125,4-23,32,8,visible
Statistical-Yearbook-2024.xlsx,126,4-24,27,11,visible
Statistical-Yearbook-2024.xlsx,127,4-25,27,25,visible
Statistical-Yearbook-2024.xlsx,128,4-26,64,10,visible
Statistical-Yearbook-2024.xlsx,129,4-27,54,14,visible
Statistical-Yearbook-2024.xlsx,130,4-28,23,24,visible
Statistical-Yearbook-2024.xlsx,131,4-29,25,46,visible
Statistical-Yearbook-2024.xlsx,132,4-30,31,39,visible
Statistical-Yearbook-2024.xlsx,133,4-31,14,9,visible
Statistical-Yearbook-2024.xlsx,134,4-32,31,12,visible
Statistical-Yearbook-2024.xlsx,135,4-33,30,12,visible
Statistical-Yearbook-2024.xlsx,136,4-34,30,12,visible
Statistical-Yearbook-2024.xlsx,137,4-35,30,14,visible
Statistical-Yearbook-2024.xlsx,138,4-36,50,15,visible
Statistical-Yearbook-2024.xlsx,139,4-37,45,59,visible
Statistical-Yearbook-2024.xlsx,140,4-38,31,29,visible
Statistical-Yearbook-2024.xlsx,141,4-39,24,12,visible
Statistical-Yearbook-2024.xlsx,142,4-40,26,14,visible
Statistical-Yearbook-2024.xlsx,143,4-41,21,8,visible
Statistical-Yearbook-2024.xlsx,144,4-42,8,6,visible
Statistical-Yearbook-2024.xlsx,145,4-43,7,5,visible
Statistical-Yearbook-2024.xlsx,146,4-44,38,8,visible
Statistical-Yearbook-2024.xlsx,147,4-45,13,10,visible
Statistical-Yearbook-2024.xlsx,148,4-46,33,49,visible
Statistical-Yearbook-2024.xlsx,149,4-47,39,23,visible
Statistical-Yearbook-2024.xlsx,150,4-48,39,23,visible
Statistical-Yearbook-2024.xlsx,151,4-49,22,17,visible
Statistical-Yearbook-2024.xlsx,152,4-50,31,26,visible
Statistical-Yearbook-2024.xlsx,153,4-51,34,27,visible
Statistical-Yearbook-2024.xlsx,154,4-52,22,22,visible
Statistical-Yearbook-2024.xlsx,155,4-53,19,3,visible
Statistical-Yearbook-2024.xlsx,156,4-54,17,3,visible
Statistical-Yearbook-2024.xlsx,157,4-55,13,15,visible
Statistical-Yearbook-2024.xlsx,158,4-56,39,10,visible
Statistical-Yearbook-2024.xlsx,159,4-57,32,20,visible
Statistical-Yearbook-2024.xlsx,160,4-58,23,18,visible
Statistical-Yearbook-2024.xlsx,161,4-59,31,7,visible
Statistical-Yearbook-2024.xlsx,162,4-60,18,26,visible
Statistical-Yearbook-2024.xlsx,163,4-61,47,12,visible
Statistical-Yearbook-2024.xlsx,164,4-62,28,8,visible
Statistical-Yearbook-2024.xlsx,165,4-63,26,41,visible
Statistical-Yearbook-2024.xlsx,166,4-64,27,10,visible
Statistical-Yearbook-2024.xlsx,167,4-65,12,5,visible
Statistical-Yearbook-2024.xlsx,168,4-66,28,10,visible
Statistical-Yearbook-2024.xlsx,169,4-67,23,7,visible
Statistical-Yearbook-2024.xlsx,170,4-68,16,7,visible
Statistical-Yearbook-2024.xlsx,171,4-69,32,7,visible
Statistical-Yearbook-2024.xlsx,172,4-70,32,24,visible
Statistical-Yearbook-2024.xlsx,173,4-71,28,10,visible
Statistical-Yearbook-2024.xlsx,174,4-72,26,13,visible
Statistical-Yearbook-2024.xlsx,175,مؤشرات أداء الصحة,1,1,visible
Statistical-Yearbook-2024.xlsx,176,fig1,53,22,visible
Statistical-Yearbook-2024.xlsx,177,fig2,44,10,visible
Statistical-Yearbook-2024.xlsx,178,fig3,47,7,visible
Statistical-Yearbook-2024.xlsx,179,fig4,44,8,visible
Statistical-Yearbook-2024.xlsx,180,fig5,49,17,visible
Statistical-Yearbook-2024.xlsx,181,fig6,47,26,visible
Statistical-Yearbook-2024.xlsx,182,fig7,56,20,visible
Statistical-Yearbook-2024.xlsx,183,فهرس الباب الخامس,36,38,visible
Statistical-Yearbook-2024.xlsx,184,5-1,17,16,visible
Statistical-Yearbook-2024.xlsx,185,5-2,19,7,visible
Statistical-Yearbook-2024.xlsx,186,5-3,15,9,visible
Statistical-Yearbook-2024.xlsx,187,5-4,10,8,visible
Statistical-Yearbook-2024.xlsx,188,5-5,10,7,visible
Statistical-Yearbook-2024.xlsx,189,5-6,10,7,visible
Statistical-Yearbook-2024.xlsx,190,5-7,10,7,visible
Statistical-Yearbook-2024.xlsx,191,5-8,10,7,visible
Statistical-Yearbook-2024.xlsx,192,5-9,10,7,visible
Statistical-Yearbook-2024.xlsx,193,5-10,10,7,visible
Statistical-Yearbook-2024.xlsx,194,5-11,10,7,visible
Statistical-Yearbook-2024.xlsx,195,5-12,10,7,visible
Statistical-Yearbook-2024.xlsx,196,5-13,10,7,visible
Statistical-Yearbook-2024.xlsx,197,5-14,10,7,visible
Statistical-Yearbook-2024.xlsx,198,5-15,10,7,visible
