workbook_name,sheet_name,row_number,column_number,year_candidate,cell_value
2022-Chapter-I-Health-Indicators.xlsx,فهرس الباب الأول,11,2,2022,مؤشرات مختارة عن الموارد المتاحة بمستشفيات وزارة الصحة حسب المنطقة الصحية لعام 2022 م.
2022-Chapter-I-Health-Indicators.xlsx,فهرس الباب الأول,25,2,2021,تقديرات عدد السكان بالمناطق الإدارية للأعوام 2010-2021  بناء على تعداد عام 2022م.
2022-Chapter-I-Health-Indicators.xlsx,1,7,3,2022,2022
2022-Chapter-I-Health-Indicators.xlsx,1,8,3,2022,2022
2022-Chapter-I-Health-Indicators.xlsx,1,9,3,2022,2022
2022-Chapter-I-Health-Indicators.xlsx,1,10,3,2022,2022
2022-Chapter-I-Health-Indicators.xlsx,1,11,3,2022,2022
2022-Chapter-I-Health-Indicators.xlsx,1,12,3,2022,2022
2022-Chapter-I-Health-Indicators.xlsx,1,13,3,2022,2022
2022-Chapter-I-Health-Indicators.xlsx,1,14,3,2022,2022
2022-Chapter-I-Health-Indicators.xlsx,1,15,3,2022,2022
2022-Chapter-I-Health-Indicators.xlsx,1,16,3,2022,2022
2022-Chapter-I-Health-Indicators.xlsx,1,18,3,2022,2022
2022-Chapter-I-Health-Indicators.xlsx,1,19,3,2022,2022
2022-Chapter-I-Health-Indicators.xlsx,1,20,3,2022,2022
2022-Chapter-I-Health-Indicators.xlsx,3,19,1,2021,2021*
2022-Chapter-I-Health-Indicators.xlsx,3,20,1,2022,2022*
2022-Chapter-I-Health-Indicators.xlsx,5,1,1,2022,مؤشرات مختارة عن الموارد المتاحة بمستشفيات وزارة الصحة حسب المنطقة الصحية لعام 2022 م
2022-Chapter-I-Health-Indicators.xlsx,8,14,1,2021,2021
2022-Chapter-I-Health-Indicators.xlsx,8,15,1,2022,2022
2022-Chapter-I-Health-Indicators.xlsx,9,6,10,2021,2021
2022-Chapter-I-Health-Indicators.xlsx,9,6,11,2022,2022
2022-Chapter-I-Health-Indicators.xlsx,9,8,3,2022,2022
2022-Chapter-I-Health-Indicators.xlsx,9,9,3,2022,2022
2022-Chapter-I-Health-Indicators.xlsx,9,10,3,2022,2022
2022-Chapter-I-Health-Indicators.xlsx,9,13,3,2022,2022
2022-Chapter-I-Health-Indicators.xlsx,12,1,1,2021,تقديرات عدد السكان بالمناطق الإدارية للأعوام 2010-2021  بناء على تعداد عام 2022م.
2022-Chapter-I-Health-Indicators.xlsx,12,4,13,2021,2021
2022-Chapter-I-Health-Indicators.xlsx,12,4,14,2022,2022
2022-Chapter-II-Health-Resources.xlsx,فهرس الباب الثاني,33,2,2022,أسرة العزل والطوارئ بمستشفيات وزارة الصحة حسب المنطقة الصحية لعام 2022
2022-Chapter-II-Health-Resources.xlsx,2-1,11,1,2021,2021
2022-Chapter-II-Health-Resources.xlsx,2-1,12,1,2022,2022
2022-Chapter-II-Health-Resources.xlsx,2-3,10,5,2024,2024
2022-Chapter-II-Health-Resources.xlsx,2.16,1,1,2022,أسرة العزل والطوارئ بمستشفيات وزارة الصحة حسب المنطقة الصحية لعام 2022
2022-Chapter-II-Health-Resources.xlsx,2.25,15,36,2022,2022
2022-Chapter-II-Health-Resources.xlsx,2-41,1,1,2022,الطلبة والطالبات في الكليات الصحية للعام الدراسي 2022-2023م.
2022-Chapter-II-Health-Resources.xlsx,2-41,2,1,2022,Enrolled Students in health colleges for the academic year 2022-2023G.
2022-Chapter-II-Health-Resources.xlsx,2.42,1,1,2021,خريجو وخريجات الكليات الصحية للعام الدراسي 2021-2022م.
2022-Chapter-II-Health-Resources.xlsx,2.42,2,1,2021,Graduates in health colleges for the academic year 2021-2022G.
2022-Chapter-II-Health-Resources.xlsx,2.43,5,5,2022,2022
2022-Chapter-II-Health-Resources.xlsx,2.43,6,5,2022,2022
2022-Chapter-II-Health-Resources.xlsx,2.43,7,5,2022,2022
2022-Chapter-II-Health-Resources.xlsx,2.43,8,5,2022,2022
2022-Chapter-II-Health-Resources.xlsx,2.43,9,5,2022,2022
2022-Chapter-II-Health-Resources.xlsx,2.43,10,5,2021,2021
2022-Chapter-II-Health-Resources.xlsx,2.43,11,5,2022,2022
2022-Chapter-II-Health-Resources.xlsx,2.43,16,5,2021,2021
2022-Chapter-II-Health-Resources.xlsx,2.43,17,5,2021,2021
2022-Chapter-II-Health-Resources.xlsx,2.43,18,5,2021,2021
2022-Chapter-II-Health-Resources.xlsx,2.43,19,5,2022,2022
2022-Chapter-II-Health-Resources.xlsx,2.43,26,5,2021,2021
2022-Chapter-II-Health-Resources.xlsx,2.43,27,5,2021,2021
2022-Chapter-II-Health-Resources.xlsx,2.43,29,5,2021,2021
2022-Chapter-II-Health-Resources.xlsx,2.43,30,5,2022,2022
2022-Chapter-II-Health-Resources.xlsx,2.43,31,5,2022,2022
2022-Chapter-II-Health-Resources.xlsx,2.43,32,5,2022,2022
2022-Chapter-II-Health-Resources.xlsx,2.43,33,5,2022,2022
2022-Chapter-II-Health-Resources.xlsx,2.43,34,5,2022,2022
2022-Chapter-II-Health-Resources.xlsx,2.43,35,5,2021,2021
2022-Chapter-II-Health-Resources.xlsx,2.43,36,5,2022,2022
2022-Chapter-II-Health-Resources.xlsx,2.43,37,5,2022,2022
2022-Chapter-II-Health-Resources.xlsx,2.43,38,5,2022,2022
2022-Chapter-II-Health-Resources.xlsx,2.43,39,5,2021,2021
2022-Chapter-II-Health-Resources.xlsx,2.43,40,5,2022,2022
2022-Chapter-II-Health-Resources.xlsx,2.44,5,5,2021,2021
2022-Chapter-II-Health-Resources.xlsx,2.44,6,5,2022,2022
2022-Chapter-II-Health-Resources.xlsx,2.44,8,5,2021,2021
2022-Chapter-II-Health-Resources.xlsx,2.44,9,5,2021,2021
2022-Chapter-II-Health-Resources.xlsx,2.44,10,5,2021,2021
2022-Chapter-II-Health-Resources.xlsx,2.44,11,5,2021,2021
2022-Chapter-II-Health-Resources.xlsx,2.44,12,5,2021,2021
2022-Chapter-II-Health-Resources.xlsx,2.44,13,5,2021,2021
2022-Chapter-II-Health-Resources.xlsx,2.44,14,5,2021,2021
2022-Chapter-II-Health-Resources.xlsx,2.44,16,5,2021,2021
2022-Chapter-II-Health-Resources.xlsx,2.44,17,5,2021,2021
2022-Chapter-II-Health-Resources.xlsx,2.44,18,5,2021,2021
2022-Chapter-II-Health-Resources.xlsx,2.44,19,5,2022,2022
2022-Chapter-II-Health-Resources.xlsx,2.44,20,5,2022,2022
2022-Chapter-II-Health-Resources.xlsx,2.44,21,5,2022,2022
2022-Chapter-II-Health-Resources.xlsx,2.44,22,5,2021,2021
2022-Chapter-II-Health-Resources.xlsx,2.44,23,5,2022,2022
2022-Chapter-II-Health-Resources.xlsx,2.44,25,5,2022,2022
2022-Chapter-II-Health-Resources.xlsx,2.44,28,5,2021,2021
2022-Chapter-II-Health-Resources.xlsx,2.44,29,5,2021,2021
2022-Chapter-II-Health-Resources.xlsx,2.44,30,5,2021,2021
2022-Chapter-II-Health-Resources.xlsx,2.44,31,5,2022,2022
2022-Chapter-II-Health-Resources.xlsx,2.44,32,5,2022,2022
2022-Chapter-II-Health-Resources.xlsx,2.44,33,5,2022,2022
2022-Chapter-II-Health-Resources.xlsx,2.44,35,5,2022,2022
2022-Chapter-II-Health-Resources.xlsx,2.44,38,5,2021,2021
2022-Chapter-II-Health-Resources.xlsx,2.44,39,5,2022,2022
2022-Chapter-II-Health-Resources.xlsx,2-45,5,5,2022,2022
2022-Chapter-II-Health-Resources.xlsx,2-45,6,5,2022,2022
2022-Chapter-II-Health-Resources.xlsx,2-45,7,5,2022,2022
2022-Chapter-II-Health-Resources.xlsx,2-45,8,5,2022,2022
2022-Chapter-II-Health-Resources.xlsx,2-45,9,5,2022,2022
2022-Chapter-II-Health-Resources.xlsx,2-45,10,5,2022,2022
2022-Chapter-II-Health-Resources.xlsx,2-45,11,5,2022,2022
2022-Chapter-II-Health-Resources.xlsx,2-45,12,5,2022,2022
2022-Chapter-II-Health-Resources.xlsx,2-45,13,5,2021,2021
2022-Chapter-II-Health-Resources.xlsx,2-45,14,5,2021,2021
2022-Chapter-II-Health-Resources.xlsx,2-45,15,5,2021,2021
2022-Chapter-II-Health-Resources.xlsx,2-45,16,5,2021,2021
2022-Chapter-II-Health-Resources.xlsx,2-45,17,5,2021,2021
2022-Chapter-II-Health-Resources.xlsx,2-45,18,5,2021,2021
2022-Chapter-II-Health-Resources.xlsx,2-45,19,5,2021,2021
2022-Chapter-II-Health-Resources.xlsx,2-45,20,5,2021,2021
2022-Chapter-II-Health-Resources.xlsx,2-45,21,5,2021,2021
2022-Chapter-II-Health-Resources.xlsx,2-45,22,5,2021,2021
2022-Chapter-II-Health-Resources.xlsx,2-45,23,5,2021,2021
2022-Chapter-II-Health-Resources.xlsx,2-45,25,5,2021,2021
2022-Chapter-II-Health-Resources.xlsx,2-45,26,5,2021,2021
2022-Chapter-II-Health-Resources.xlsx,2-45,27,5,2022,2022
2022-Chapter-II-Health-Resources.xlsx,2-45,28,5,2021,2021
2022-Chapter-II-Health-Resources.xlsx,2-45,31,5,2021,2021
2022-Chapter-IV-Health-Activities.xlsx,6,37,2,2021,2021
2022-Chapter-IV-Health-Activities.xlsx,6,38,2,2022,2022
2022-Chapter-IV-Health-Activities.xlsx,13,29,7,2022,2022
2022-Chapter-IV-Health-Activities.xlsx,13,30,7,2022,2022
2022-Chapter-IV-Health-Activities.xlsx,13,31,7,2022,2022
2022-Chapter-IV-Health-Activities.xlsx,13,32,7,2022,2022
2022-Chapter-IV-Health-Activities.xlsx,17,22,10,2021,2021
2022-Chapter-IV-Health-Activities.xlsx,39,1,1,2022,خدمات مركز رعاية وتأهيل الأطفال ذوي الإعاقة حسب العمر خلال عام 2022
2022-Chapter-IV-Health-Activities.xlsx,48,1,1,2022,الحالات المعروضة على مراكز الطب الشرعي بوزارة الصحة حسب المنطقة الصحية وطبيعة الفحص الطبي الشرعي لعام 2022
2022-Chapter-IV-Health-Activities.xlsx,55,4,5,2022,عدد الحالات تحت الخدمة نهاية 2022
2022-Chapter-IV-Health-Activities.xlsx,55,4,6,2022,عدد المستفيدين التراكمي نهاية عام 2022
2022-Chapter-IV-Health-Activities.xlsx,55,5,5,2022,Number of cases under service (end of 2022)
2022-Chapter-IV-Health-Activities.xlsx,55,5,6,2022,Cumulative number of Beneficiaries by the end of 2022
2022-Chapter-IV-Health-Activities.xlsx,fig1,9,25,2022,2022-Jan
2022-Chapter-IV-Health-Activities.xlsx,fig1,10,25,2022,2022-Feb
2022-Chapter-IV-Health-Activities.xlsx,fig1,11,25,2022,2022-Mar
2022-Chapter-IV-Health-Activities.xlsx,fig1,12,25,2022,2022-Apr
2022-Chapter-IV-Health-Activities.xlsx,fig1,13,25,2022,2022-May
2022-Chapter-IV-Health-Activities.xlsx,fig1,14,25,2022,2022-Jun
2022-Chapter-IV-Health-Activities.xlsx,fig1,15,25,2022,2022-Jul
2022-Chapter-IV-Health-Activities.xlsx,fig1,16,25,2022,2022-Aug
2022-Chapter-IV-Health-Activities.xlsx,fig1,17,25,2022,2022-Sep
2022-Chapter-IV-Health-Activities.xlsx,fig1,18,25,2022,2022-Oct
2022-Chapter-IV-Health-Activities.xlsx,fig1,19,25,2022,2022-Nov
2022-Chapter-IV-Health-Activities.xlsx,fig1,20,25,2022,2022-Dec
2022-Chapter-IV-Health-Activities.xlsx,fig2,9,25,2022,2022-Jan
2022-Chapter-IV-Health-Activities.xlsx,fig2,10,25,2022,2022-Feb
2022-Chapter-IV-Health-Activities.xlsx,fig2,11,25,2022,2022-Mar
2022-Chapter-IV-Health-Activities.xlsx,fig2,12,25,2022,2022-Apr
2022-Chapter-IV-Health-Activities.xlsx,fig2,13,25,2022,2022-May
2022-Chapter-IV-Health-Activities.xlsx,fig2,14,25,2022,2022-Jun
2022-Chapter-IV-Health-Activities.xlsx,fig2,15,25,2022,2022-Jul
2022-Chapter-IV-Health-Activities.xlsx,fig2,16,25,2022,2022-Aug
2022-Chapter-IV-Health-Activities.xlsx,fig2,17,25,2022,2022-Sep
2022-Chapter-IV-Health-Activities.xlsx,fig2,18,25,2022,2022-Oct
2022-Chapter-IV-Health-Activities.xlsx,fig2,19,25,2022,2022-Nov
2022-Chapter-IV-Health-Activities.xlsx,fig2,20,25,2022,2022-Dec
2022-Chapter-IV-Health-Activities.xlsx,fig3,8,26,2022,2022-Jan
2022-Chapter-IV-Health-Activities.xlsx,fig3,9,26,2022,2022-Feb
2022-Chapter-IV-Health-Activities.xlsx,fig3,10,26,2022,2022-Mar
2022-Chapter-IV-Health-Activities.xlsx,fig3,11,26,2022,2022-Apr
2022-Chapter-IV-Health-Activities.xlsx,fig3,12,26,2022,2022-May
2022-Chapter-IV-Health-Activities.xlsx,fig3,13,26,2022,2022-Jun
2022-Chapter-IV-Health-Activities.xlsx,fig3,14,26,2022,2022-Jul
2022-Chapter-IV-Health-Activities.xlsx,fig3,15,26,2022,2022-Aug
2022-Chapter-IV-Health-Activities.xlsx,fig3,16,26,2022,2022-Sep
2022-Chapter-IV-Health-Activities.xlsx,fig3,17,26,2022,2022-Oct
2022-Chapter-IV-Health-Activities.xlsx,fig3,18,26,2022,2022-Nov
2022-Chapter-IV-Health-Activities.xlsx,fig3,19,26,2022,2022-Dec
2022-Chapter-IV-Health-Activities.xlsx,fig4,6,25,2022,2022-Jan
2022-Chapter-IV-Health-Activities.xlsx,fig4,7,25,2022,2022-Feb
2022-Chapter-IV-Health-Activities.xlsx,fig4,8,25,2022,2022-Mar
2022-Chapter-IV-Health-Activities.xlsx,fig4,9,25,2022,2022-Apr
2022-Chapter-IV-Health-Activities.xlsx,fig4,10,25,2022,2022-May
2022-Chapter-IV-Health-Activities.xlsx,fig4,11,25,2022,2022-Jun
2022-Chapter-IV-Health-Activities.xlsx,fig4,12,25,2022,2022-Jul
2022-Chapter-IV-Health-Activities.xlsx,fig4,13,25,2022,2022-Aug
2022-Chapter-IV-Health-Activities.xlsx,fig4,14,25,2022,2022-Sep
2022-Chapter-IV-Health-Activities.xlsx,fig4,15,25,2022,2022-Oct
2022-Chapter-IV-Health-Activities.xlsx,fig4,16,25,2022,2022-Nov
2022-Chapter-IV-Health-Activities.xlsx,fig4,17,25,2022,2022-Dec
2022-Chapter-IV-Health-Activities.xlsx,fig5,7,25,2022,2022-01
2022-Chapter-IV-Health-Activities.xlsx,fig5,8,25,2022,2022-02
2022-Chapter-IV-Health-Activities.xlsx,fig5,9,25,2022,2022-03
2022-Chapter-IV-Health-Activities.xlsx,fig5,10,25,2022,2022-04
2022-Chapter-IV-Health-Activities.xlsx,fig5,11,25,2022,2022-05
2022-Chapter-IV-Health-Activities.xlsx,fig5,12,25,2022,2022-06
2022-Chapter-IV-Health-Activities.xlsx,fig5,13,25,2022,2022-07
2022-Chapter-IV-Health-Activities.xlsx,fig5,14,25,2022,2022-08
2022-Chapter-IV-Health-Activities.xlsx,fig5,15,25,2022,2022-09
2022-Chapter-IV-Health-Activities.xlsx,fig5,16,25,2022,2022-10
2022-Chapter-IV-Health-Activities.xlsx,fig5,17,25,2022,2022-11
2022-Chapter-IV-Health-Activities.xlsx,fig5,18,25,2022,2022-12
2022-Chapter-IV-Health-Activities.xlsx,fig6,9,28,2022,2022-Jan
2022-Chapter-IV-Health-Activities.xlsx,fig6,10,28,2022,2022-Feb
2022-Chapter-IV-Health-Activities.xlsx,fig6,11,28,2022,2022-Mar
2022-Chapter-IV-Health-Activities.xlsx,fig6,12,28,2022,2022-Apr
2022-Chapter-IV-Health-Activities.xlsx,fig6,13,28,2022,2022-May
2022-Chapter-IV-Health-Activities.xlsx,fig6,14,28,2022,2022-Jun
2022-Chapter-IV-Health-Activities.xlsx,fig6,15,28,2022,2022-Jul
2022-Chapter-IV-Health-Activities.xlsx,fig6,16,28,2022,2022-Aug
2022-Chapter-IV-Health-Activities.xlsx,fig6,17,28,2022,2022-Sep
2022-Chapter-IV-Health-Activities.xlsx,fig6,18,28,2022,2022-Oct
2022-Chapter-IV-Health-Activities.xlsx,fig6,19,28,2022,2022-Nov
2022-Chapter-IV-Health-Activities.xlsx,fig6,20,28,2022,2022-Dec
2022-Chapter-IV-Health-Activities.xlsx,fig7,9,24,2022,2022-Jan
2022-Chapter-IV-Health-Activities.xlsx,fig7,10,24,2022,2022-Feb
2022-Chapter-IV-Health-Activities.xlsx,fig7,11,24,2022,2022-Mar
2022-Chapter-IV-Health-Activities.xlsx,fig7,12,24,2022,2022-Apr
2022-Chapter-IV-Health-Activities.xlsx,fig7,13,24,2022,2022-May
2022-Chapter-IV-Health-Activities.xlsx,fig7,14,24,2022,2022-Jun
2022-Chapter-IV-Health-Activities.xlsx,fig7,15,24,2022,2022-Jul
2022-Chapter-IV-Health-Activities.xlsx,fig7,16,24,2022,2022-Aug
2022-Chapter-IV-Health-Activities.xlsx,fig7,17,24,2022,2022-Sep
2022-Chapter-IV-Health-Activities.xlsx,fig7,18,24,2022,2022-Oct
2022-Chapter-IV-Health-Activities.xlsx,fig7,19,24,2022,2022-Nov
2022-Chapter-IV-Health-Activities.xlsx,fig7,20,24,2022,2022-Dec
Statistical-Yearbook-2021-Chapter-I-Health-Indicators.xlsx,فهرس الباب الأول,13,2,2021,مؤشرات مختارة عن الموارد المتاحة بمستشفيات وزارة الصحة حسب المنطقة الصحية لعام 2021 م.
Statistical-Yearbook-2021-Chapter-I-Health-Indicators.xlsx,1,7,3,2021,2021
Statistical-Yearbook-2021-Chapter-I-Health-Indicators.xlsx,1,8,3,2021,2021
Statistical-Yearbook-2021-Chapter-I-Health-Indicators.xlsx,1,9,3,2021,2021
Statistical-Yearbook-2021-Chapter-I-Health-Indicators.xlsx,1,12,3,2021,2021
Statistical-Yearbook-2021-Chapter-I-Health-Indicators.xlsx,1,13,3,2021,2021
Statistical-Yearbook-2021-Chapter-I-Health-Indicators.xlsx,1,14,3,2021,2021
Statistical-Yearbook-2021-Chapter-I-Health-Indicators.xlsx,1,15,3,2021,2021
Statistical-Yearbook-2021-Chapter-I-Health-Indicators.xlsx,3,18,1,2021,2021
Statistical-Yearbook-2021-Chapter-I-Health-Indicators.xlsx,6,1,1,2021,مؤشرات مختارة عن الموارد المتاحة بمستشفيات وزارة الصحة حسب المنطقة الصحية لعام 2021 م
statistical-yearbook-2021-chapter-II-health-resources.xlsx,فهرس الباب الثاني,33,2,2021,أسرة العزل والطوارئ بمستشفيات وزارة الصحة حسب المنطقة الصحية لعام 2021
statistical-yearbook-2021-chapter-II-health-resources.xlsx,2-1,12,1,2021,2021
statistical-yearbook-2021-chapter-II-health-resources.xlsx,2-9,8,3,2022,2022
statistical-yearbook-2021-chapter-II-health-resources.xlsx,2.16,1,1,2021,أسرة العزل والطوارئ بمستشفيات وزارة الصحة حسب المنطقة الصحية لعام 2021
statistical-yearbook-2021-chapter-II-health-resources.xlsx,2-41,1,1,2021,الطلبة والطالبات في الكليات الصحية للعام الدراسي 2021-2022م.
statistical-yearbook-2021-chapter-II-health-resources.xlsx,2-41,2,1,2021,Enrolled Students in health colleges for the academic year 2021-2022G.
statistical-yearbook-2021-chapter-II-health-resources.xlsx,2.43,15,5,2021,2021
statistical-yearbook-2021-chapter-II-health-resources.xlsx,2.43,16,5,2021,2021
statistical-yearbook-2021-chapter-II-health-resources.xlsx,2.43,17,5,2021,2021
statistical-yearbook-2021-chapter-II-health-resources.xlsx,2.43,27,5,2021,2021
statistical-yearbook-2021-chapter-II-health-resources.xlsx,2.43,29,5,2021,2021
statistical-yearbook-2021-chapter-II-health-resources.xlsx,2.43,32,5,2021,2021
statistical-yearbook-2021-chapter-II-health-resources.xlsx,2.44,8,5,2021,2021
statistical-yearbook-2021-chapter-II-health-resources.xlsx,2.44,9,5,2021,2021
statistical-yearbook-2021-chapter-II-health-resources.xlsx,2.44,10,5,2021,2021
statistical-yearbook-2021-chapter-II-health-resources.xlsx,2.44,11,5,2021,2021
statistical-yearbook-2021-chapter-II-health-resources.xlsx,2.44,12,5,2021,2021
statistical-yearbook-2021-chapter-II-health-resources.xlsx,2.44,13,5,2021,2021
statistical-yearbook-2021-chapter-II-health-resources.xlsx,2.44,15,5,2021,2021
statistical-yearbook-2021-chapter-II-health-resources.xlsx,2.44,16,5,2021,2021
statistical-yearbook-2021-chapter-II-health-resources.xlsx,2.44,17,5,2021,2021
statistical-yearbook-2021-chapter-II-health-resources.xlsx,2.44,20,5,2021,2021
statistical-yearbook-2021-chapter-II-health-resources.xlsx,2.44,21,5,2021,2021
statistical-yearbook-2021-chapter-II-health-resources.xlsx,2.44,27,5,2021,2021
statistical-yearbook-2021-chapter-II-health-resources.xlsx,2.44,28,5,2021,2021
statistical-yearbook-2021-chapter-II-health-resources.xlsx,2.44,29,5,2021,2021
statistical-yearbook-2021-chapter-II-health-resources.xlsx,2.44,36,5,2021,2021
statistical-yearbook-2021-chapter-II-health-resources.xlsx,2-45,5,5,2021,2021
statistical-yearbook-2021-chapter-II-health-resources.xlsx,2-45,6,5,2021,2021
statistical-yearbook-2021-chapter-II-health-resources.xlsx,2-45,7,5,2021,2021
statistical-yearbook-2021-chapter-II-health-resources.xlsx,2-45,8,5,2021,2021
statistical-yearbook-2021-chapter-II-health-resources.xlsx,2-45,9,5,2021,2021
statistical-yearbook-2021-chapter-II-health-resources.xlsx,2-45,10,5,2021,2021
statistical-yearbook-2021-chapter-II-health-resources.xlsx,2-45,11,5,2021,2021
statistical-yearbook-2021-chapter-II-health-resources.xlsx,2-45,12,5,2021,2021
statistical-yearbook-2021-chapter-II-health-resources.xlsx,2-45,13,5,2021,2021
statistical-yearbook-2021-chapter-II-health-resources.xlsx,2-45,14,5,2021,2021
statistical-yearbook-2021-chapter-II-health-resources.xlsx,2-45,37,5,2021,2021
statistical-yearbook-2021-chapter-II-health-resources.xlsx,2-45,38,5,2021,2021
statistical-yearbook-2021-chapter-IV-health-activities.xlsx,19,2,15,2021,2021
statistical-yearbook-2021-chapter-IV-health-activities.xlsx,19,2,18,2021,2021
statistical-yearbook-2021-chapter-IV-health-activities.xlsx,19,2,21,2021,2021
statistical-yearbook-2021-chapter-IV-health-activities.xlsx,50,1,1,2021,الحالات المعروضة على مراكز الطب الشرعي بوزارة الصحة حسب المنطقة الصحية وطبيعة الفحص الطبي الشرعي لعام 2021
statistical-yearbook-2021-chapter-IV-health-activities.xlsx,57,2,1,2021,"Number of MoH Hospitals Implementing Home Health Care Program, Manpower and Beneficiaries by Health Region, 2021"
statistical-yearbook-2021-chapter-IV-health-activities.xlsx,57,4,5,2021,عدد الحالات تحت الخدمة نهاية 2021
statistical-yearbook-2021-chapter-IV-health-activities.xlsx,57,4,6,2021,عدد المستفيدين التراكمي نهاية عام 2021
statistical-yearbook-2021-chapter-IV-health-activities.xlsx,57,5,5,2021,Number of cases under service (end of 2021
statistical-yearbook-2021-chapter-IV-health-activities.xlsx,57,5,6,2021,Cumulative number of Beneficiaries by the end of 2021
statistical-yearbook-2021-chapter-IV-health-activities.xlsx,fig1,10,24,2021,2021-1
statistical-yearbook-2021-chapter-IV-health-activities.xlsx,fig1,11,24,2021,2021-2
statistical-yearbook-2021-chapter-IV-health-activities.xlsx,fig1,12,24,2021,2021-3
statistical-yearbook-2021-chapter-IV-health-activities.xlsx,fig1,13,24,2021,2021-4
statistical-yearbook-2021-chapter-IV-health-activities.xlsx,fig1,14,24,2021,2021-5
statistical-yearbook-2021-chapter-IV-health-activities.xlsx,fig1,15,24,2021,2021-6
statistical-yearbook-2021-chapter-IV-health-activities.xlsx,fig1,16,24,2021,2021-7
statistical-yearbook-2021-chapter-IV-health-activities.xlsx,fig1,17,24,2021,2021-8
statistical-yearbook-2021-chapter-IV-health-activities.xlsx,fig1,18,24,2021,2021-9
statistical-yearbook-2021-chapter-IV-health-activities.xlsx,fig1,19,24,2021,2021-10
statistical-yearbook-2021-chapter-IV-health-activities.xlsx,fig1,20,24,2021,2021-11
statistical-yearbook-2021-chapter-IV-health-activities.xlsx,fig1,21,24,2021,2021-12
statistical-yearbook-2021-chapter-IV-health-activities.xlsx,fig2,9,25,2021,2021-01
statistical-yearbook-2021-chapter-IV-health-activities.xlsx,fig2,10,25,2021,2021-02
statistical-yearbook-2021-chapter-IV-health-activities.xlsx,fig2,11,25,2021,2021-03
statistical-yearbook-2021-chapter-IV-health-activities.xlsx,fig2,12,25,2021,2021-04
statistical-yearbook-2021-chapter-IV-health-activities.xlsx,fig2,13,25,2021,2021-05
statistical-yearbook-2021-chapter-IV-health-activities.xlsx,fig2,14,25,2021,2021-06
statistical-yearbook-2021-chapter-IV-health-activities.xlsx,fig2,15,25,2021,2021-07
statistical-yearbook-2021-chapter-IV-health-activities.xlsx,fig2,16,25,2021,2021-08
statistical-yearbook-2021-chapter-IV-health-activities.xlsx,fig2,17,25,2021,2021-09
statistical-yearbook-2021-chapter-IV-health-activities.xlsx,fig2,18,25,2021,2021-10
statistical-yearbook-2021-chapter-IV-health-activities.xlsx,fig2,19,25,2021,2021-11
statistical-yearbook-2021-chapter-IV-health-activities.xlsx,fig2,20,25,2021,2021-12
statistical-yearbook-2021-chapter-IV-health-activities.xlsx,fig3,8,25,2021,2021-1
statistical-yearbook-2021-chapter-IV-health-activities.xlsx,fig3,9,25,2021,2021-2
statistical-yearbook-2021-chapter-IV-health-activities.xlsx,fig3,10,25,2021,2021-3
statistical-yearbook-2021-chapter-IV-health-activities.xlsx,fig3,11,25,2021,2021-4
statistical-yearbook-2021-chapter-IV-health-activities.xlsx,fig3,12,25,2021,2021-5
statistical-yearbook-2021-chapter-IV-health-activities.xlsx,fig3,13,25,2021,2021-6
statistical-yearbook-2021-chapter-IV-health-activities.xlsx,fig3,14,25,2021,2021-7
statistical-yearbook-2021-chapter-IV-health-activities.xlsx,fig3,15,25,2021,2021-8
statistical-yearbook-2021-chapter-IV-health-activities.xlsx,fig3,16,25,2021,2021-9
statistical-yearbook-2021-chapter-IV-health-activities.xlsx,fig3,17,25,2021,2021-10
statistical-yearbook-2021-chapter-IV-health-activities.xlsx,fig3,18,25,2021,2021-11
statistical-yearbook-2021-chapter-IV-health-activities.xlsx,fig3,19,25,2021,2021-12
statistical-yearbook-2021-chapter-IV-health-activities.xlsx,fig4,6,25,2021,2021-1
statistical-yearbook-2021-chapter-IV-health-activities.xlsx,fig4,7,25,2021,2021-2
statistical-yearbook-2021-chapter-IV-health-activities.xlsx,fig4,8,25,2021,2021-3
statistical-yearbook-2021-chapter-IV-health-activities.xlsx,fig4,9,25,2021,2021-4
statistical-yearbook-2021-chapter-IV-health-activities.xlsx,fig4,10,25,2021,2021-5
statistical-yearbook-2021-chapter-IV-health-activities.xlsx,fig4,11,25,2021,2021-6
statistical-yearbook-2021-chapter-IV-health-activities.xlsx,fig4,12,25,2021,2021-7
statistical-yearbook-2021-chapter-IV-health-activities.xlsx,fig4,13,25,2021,2021-8
statistical-yearbook-2021-chapter-IV-health-activities.xlsx,fig4,14,25,2021,2021-9
statistical-yearbook-2021-chapter-IV-health-activities.xlsx,fig4,15,25,2021,2021-10
statistical-yearbook-2021-chapter-IV-health-activities.xlsx,fig4,16,25,2021,2021-11
statistical-yearbook-2021-chapter-IV-health-activities.xlsx,fig4,17,25,2021,2021-12
statistical-yearbook-2021-chapter-IV-health-activities.xlsx,fig5,7,25,2021,2021-01
statistical-yearbook-2021-chapter-IV-health-activities.xlsx,fig5,8,25,2021,2021-02
statistical-yearbook-2021-chapter-IV-health-activities.xlsx,fig5,9,25,2021,2021-03
statistical-yearbook-2021-chapter-IV-health-activities.xlsx,fig5,10,25,2021,2021-04
statistical-yearbook-2021-chapter-IV-health-activities.xlsx,fig5,11,25,2021,2021-05
statistical-yearbook-2021-chapter-IV-health-activities.xlsx,fig5,12,25,2021,2021-06
statistical-yearbook-2021-chapter-IV-health-activities.xlsx,fig5,13,25,2021,2021-07
statistical-yearbook-2021-chapter-IV-health-activities.xlsx,fig5,14,25,2021,2021-08
statistical-yearbook-2021-chapter-IV-health-activities.xlsx,fig5,15,25,2021,2021-09
statistical-yearbook-2021-chapter-IV-health-activities.xlsx,fig5,16,25,2021,2021-10
statistical-yearbook-2021-chapter-IV-health-activities.xlsx,fig5,17,25,2021,2021-11
statistical-yearbook-2021-chapter-IV-health-activities.xlsx,fig5,18,25,2021,2021-12
statistical-yearbook-2021-chapter-IV-health-activities.xlsx,fig6,8,25,2021,2021-Jan
statistical-yearbook-2021-chapter-IV-health-activities.xlsx,fig6,9,25,2021,2021-Feb
statistical-yearbook-2021-chapter-IV-health-activities.xlsx,fig6,10,25,2021,2021-Mar
statistical-yearbook-2021-chapter-IV-health-activities.xlsx,fig6,11,25,2021,2021-Apr
statistical-yearbook-2021-chapter-IV-health-activities.xlsx,fig6,12,25,2021,2021-May
statistical-yearbook-2021-chapter-IV-health-activities.xlsx,fig6,13,25,2021,2021-Jun
statistical-yearbook-2021-chapter-IV-health-activities.xlsx,fig6,14,25,2021,2021-Jul
statistical-yearbook-2021-chapter-IV-health-activities.xlsx,fig6,15,25,2021,2021-Aug
statistical-yearbook-2021-chapter-IV-health-activities.xlsx,fig6,16,25,2021,2021-Sep
statistical-yearbook-2021-chapter-IV-health-activities.xlsx,fig6,17,25,2021,2021-Oct
statistical-yearbook-2021-chapter-IV-health-activities.xlsx,fig6,18,25,2021,2021-Nov
statistical-yearbook-2021-chapter-IV-health-activities.xlsx,fig6,19,25,2021,2021-Dec
statistical-yearbook-2021-chapter-IV-health-activities.xlsx,fig7,8,24,2021,2021-Jan
statistical-yearbook-2021-chapter-IV-health-activities.xlsx,fig7,9,24,2021,2021-Feb
statistical-yearbook-2021-chapter-IV-health-activities.xlsx,fig7,10,24,2021,2021-Mar
statistical-yearbook-2021-chapter-IV-health-activities.xlsx,fig7,11,24,2021,2021-Apr
statistical-yearbook-2021-chapter-IV-health-activities.xlsx,fig7,12,24,2021,2021-May
statistical-yearbook-2021-chapter-IV-health-activities.xlsx,fig7,13,24,2021,2021-Jun
statistical-yearbook-2021-chapter-IV-health-activities.xlsx,fig7,14,24,2021,2021-Jul
statistical-yearbook-2021-chapter-IV-health-activities.xlsx,fig7,15,24,2021,2021-Aug
statistical-yearbook-2021-chapter-IV-health-activities.xlsx,fig7,16,24,2021,2021-Sep
statistical-yearbook-2021-chapter-IV-health-activities.xlsx,fig7,17,24,2021,2021-Oct
statistical-yearbook-2021-chapter-IV-health-activities.xlsx,fig7,18,24,2021,2021-Nov
statistical-yearbook-2021-chapter-IV-health-activities.xlsx,fig7,19,24,2021,2021-Dec
Statistical-Yearbook-2023.xlsx,فهرس الباب الأول,9,2,2021,تقديرات عدد السكان بالمناطق الإدارية للأعوام 2010-2021  بناء على تعداد عام 2022م.
Statistical-Yearbook-2023.xlsx,فهرس الباب الأول,12,2,2022,Total Fertility Rate Estimates 2011-2022
Statistical-Yearbook-2023.xlsx,فهرس الباب الأول,21,2,2023,مؤشرات مختارة عن الموارد المتاحة بمستشفيات وزارة الصحة حسب المنطقة الصحية لعام 2023 م.
Statistical-Yearbook-2023.xlsx,1,7,3,2022,2022
Statistical-Yearbook-2023.xlsx,1,8,3,2022,2022
Statistical-Yearbook-2023.xlsx,1,9,3,2022,2022
Statistical-Yearbook-2023.xlsx,1,10,3,2023,2023
Statistical-Yearbook-2023.xlsx,1,11,3,2022,2022
Statistical-Yearbook-2023.xlsx,1,12,3,2022,2022
Statistical-Yearbook-2023.xlsx,1,13,3,2022,2022
Statistical-Yearbook-2023.xlsx,1,14,3,2022,2022
Statistical-Yearbook-2023.xlsx,1,15,3,2022,2022
Statistical-Yearbook-2023.xlsx,1,16,3,2023,2023
Statistical-Yearbook-2023.xlsx,1,18,3,2023,2023
Statistical-Yearbook-2023.xlsx,1,19,3,2023,2023
Statistical-Yearbook-2023.xlsx,1,20,3,2023,2023
Statistical-Yearbook-2023.xlsx,4,1,1,2021,تقديرات عدد السكان بالمناطق الإدارية للأعوام 2010-2021  بناء على تعداد عام 2022م.
Statistical-Yearbook-2023.xlsx,4,4,13,2021,2021
Statistical-Yearbook-2023.xlsx,4,4,14,2022,2022
Statistical-Yearbook-2023.xlsx,5,2,1,2022,"Total Fertility Rate Estimates, 2011-2022"
Statistical-Yearbook-2023.xlsx,5,16,1,2021,2021
Statistical-Yearbook-2023.xlsx,5,17,1,2022,2022
Statistical-Yearbook-2023.xlsx,7,13,1,2021,2021
Statistical-Yearbook-2023.xlsx,7,14,1,2022,2022
Statistical-Yearbook-2023.xlsx,7,15,1,2023,2023
Statistical-Yearbook-2023.xlsx,8,19,1,2021,2021
Statistical-Yearbook-2023.xlsx,8,20,1,2022,2022
Statistical-Yearbook-2023.xlsx,8,21,1,2023,2023*
Statistical-Yearbook-2023.xlsx,10,1,1,2023,مؤشرات مختارة عن الموارد المتاحة بمستشفيات وزارة الصحة حسب المنطقة الصحية لعام 2023 م
Statistical-Yearbook-2023.xlsx,13,5,5,2021,2021
Statistical-Yearbook-2023.xlsx,13,5,6,2022,2022
Statistical-Yearbook-2023.xlsx,13,5,7,2023,2023
Statistical-Yearbook-2023.xlsx,1.,9,1,2021,2021
Statistical-Yearbook-2023.xlsx,1.,10,1,2022,2022
Statistical-Yearbook-2023.xlsx,1.,11,1,2023,2023
Statistical-Yearbook-2023.xlsx,27,19,7,2022,2022
Statistical-Yearbook-2023.xlsx,49,1,1,2022,الطلبة والطالبات في الكليات الصحية للعام الدراسي 2022-2023م.
Statistical-Yearbook-2023.xlsx,49,2,1,2022,Enrolled Students in health colleges for the academic year 2022-2023G.
Statistical-Yearbook-2023.xlsx,50,1,1,2021,خريجو وخريجات الكليات الصحية للعام الدراسي 2021-2022م.
Statistical-Yearbook-2023.xlsx,50,2,1,2021,Graduates in health colleges for the academic year 2021-2022G.
Statistical-Yearbook-2023.xlsx,51,5,5,2022,2022
Statistical-Yearbook-2023.xlsx,51,6,5,2023,2023
Statistical-Yearbook-2023.xlsx,51,7,5,2022,2022
Statistical-Yearbook-2023.xlsx,51,8,5,2022,2022
Statistical-Yearbook-2023.xlsx,51,9,5,2022,2022
Statistical-Yearbook-2023.xlsx,51,10,5,2023,2023
Statistical-Yearbook-2023.xlsx,51,11,5,2022,2022
Statistical-Yearbook-2023.xlsx,51,12,5,2021,2021
Statistical-Yearbook-2023.xlsx,51,13,5,2023,2023
Statistical-Yearbook-2023.xlsx,51,14,5,2022,2022
Statistical-Yearbook-2023.xlsx,51,15,5,2023,2023
Statistical-Yearbook-2023.xlsx,51,16,5,2023,2023
Statistical-Yearbook-2023.xlsx,51,17,5,2023,2023
Statistical-Yearbook-2023.xlsx,51,18,5,2023,2023
Statistical-Yearbook-2023.xlsx,51,19,5,2023,2023
Statistical-Yearbook-2023.xlsx,51,20,5,2022,2022
Statistical-Yearbook-2023.xlsx,51,21,5,2021,2021
Statistical-Yearbook-2023.xlsx,51,22,5,2021,2021
Statistical-Yearbook-2023.xlsx,51,23,5,2021,2021
Statistical-Yearbook-2023.xlsx,51,24,5,2022,2022
Statistical-Yearbook-2023.xlsx,51,25,5,2023,2023
Statistical-Yearbook-2023.xlsx,51,26,5,2023,2023
Statistical-Yearbook-2023.xlsx,51,27,5,2023,2023
Statistical-Yearbook-2023.xlsx,51,28,5,2022,2022
Statistical-Yearbook-2023.xlsx,51,29,5,2023,2023
Statistical-Yearbook-2023.xlsx,51,30,5,2023,2023
Statistical-Yearbook-2023.xlsx,51,31,5,2023,2023
Statistical-Yearbook-2023.xlsx,51,32,5,2021,2021
Statistical-Yearbook-2023.xlsx,51,33,5,2022,2022
Statistical-Yearbook-2023.xlsx,51,34,5,2023,2023
Statistical-Yearbook-2023.xlsx,51,35,5,2021,2021
Statistical-Yearbook-2023.xlsx,51,36,5,2023,2023
Statistical-Yearbook-2023.xlsx,51,37,5,2021,2021
Statistical-Yearbook-2023.xlsx,51,38,5,2022,2022
Statistical-Yearbook-2023.xlsx,51,39,5,2022,2022
Statistical-Yearbook-2023.xlsx,51,40,5,2022,2022
Statistical-Yearbook-2023.xlsx,52,5,5,2021,2021
Statistical-Yearbook-2023.xlsx,52,6,5,2022,2022
Statistical-Yearbook-2023.xlsx,52,7,5,2023,2023
Statistical-Yearbook-2023.xlsx,52,8,5,2021,2021
Statistical-Yearbook-2023.xlsx,52,9,5,2021,2021
Statistical-Yearbook-2023.xlsx,52,10,5,2021,2021
Statistical-Yearbook-2023.xlsx,52,11,5,2021,2021
Statistical-Yearbook-2023.xlsx,52,12,5,2021,2021
Statistical-Yearbook-2023.xlsx,52,13,5,2021,2021
Statistical-Yearbook-2023.xlsx,52,14,5,2021,2021
Statistical-Yearbook-2023.xlsx,52,15,5,2023,2023
Statistical-Yearbook-2023.xlsx,52,16,5,2021,2021
Statistical-Yearbook-2023.xlsx,52,17,5,2021,2021
Statistical-Yearbook-2023.xlsx,52,18,5,2021,2021
Statistical-Yearbook-2023.xlsx,52,19,5,2022,2022
Statistical-Yearbook-2023.xlsx,52,20,5,2022,2022
Statistical-Yearbook-2023.xlsx,52,21,5,2022,2022
Statistical-Yearbook-2023.xlsx,52,22,5,2021,2021
Statistical-Yearbook-2023.xlsx,52,23,5,2022,2022
Statistical-Yearbook-2023.xlsx,52,24,5,2023,2023
Statistical-Yearbook-2023.xlsx,52,25,5,2022,2022
Statistical-Yearbook-2023.xlsx,52,26,5,2023,2023
Statistical-Yearbook-2023.xlsx,52,27,5,2024,2024
Statistical-Yearbook-2023.xlsx,52,28,5,2023,2023
Statistical-Yearbook-2023.xlsx,52,29,5,2021,2021
Statistical-Yearbook-2023.xlsx,52,30,5,2021,2021
Statistical-Yearbook-2023.xlsx,52,31,5,2021,2021
Statistical-Yearbook-2023.xlsx,52,32,5,2022,2022
Statistical-Yearbook-2023.xlsx,52,33,5,2022,2022
Statistical-Yearbook-2023.xlsx,52,34,5,2022,2022
Statistical-Yearbook-2023.xlsx,52,35,5,2022,2022
Statistical-Yearbook-2023.xlsx,52,36,5,2022,2022
Statistical-Yearbook-2023.xlsx,52,37,5,2023,2023
Statistical-Yearbook-2023.xlsx,52,38,5,2021,2021
Statistical-Yearbook-2023.xlsx,52,39,5,2022,2022
Statistical-Yearbook-2023.xlsx,52,40,5,2023,2023
Statistical-Yearbook-2023.xlsx,53,5,5,2022,2022
Statistical-Yearbook-2023.xlsx,53,6,5,2022,2022
Statistical-Yearbook-2023.xlsx,53,7,5,2022,2022
Statistical-Yearbook-2023.xlsx,53,8,5,2022,2022
Statistical-Yearbook-2023.xlsx,53,9,5,2023,2023
Statistical-Yearbook-2023.xlsx,53,10,5,2022,2022
Statistical-Yearbook-2023.xlsx,53,11,5,2022,2022
Statistical-Yearbook-2023.xlsx,53,12,5,2023,2023
Statistical-Yearbook-2023.xlsx,53,13,5,2022,2022
Statistical-Yearbook-2023.xlsx,53,14,5,2022,2022
Statistical-Yearbook-2023.xlsx,53,15,5,2021,2021
Statistical-Yearbook-2023.xlsx,53,16,5,2021,2021
Statistical-Yearbook-2023.xlsx,53,17,5,2021,2021
Statistical-Yearbook-2023.xlsx,53,18,5,2021,2021
Statistical-Yearbook-2023.xlsx,53,19,5,2021,2021
Statistical-Yearbook-2023.xlsx,53,20,5,2021,2021
Statistical-Yearbook-2023.xlsx,53,21,5,2021,2021
Statistical-Yearbook-2023.xlsx,53,22,5,2021,2021
Statistical-Yearbook-2023.xlsx,53,23,5,2021,2021
Statistical-Yearbook-2023.xlsx,53,24,5,2021,2021
Statistical-Yearbook-2023.xlsx,53,25,5,2021,2021
Statistical-Yearbook-2023.xlsx,53,26,5,2023,2023
Statistical-Yearbook-2023.xlsx,53,27,5,2021,2021
Statistical-Yearbook-2023.xlsx,53,28,5,2021,2021
Statistical-Yearbook-2023.xlsx,53,29,5,2022,2022
Statistical-Yearbook-2023.xlsx,53,30,5,2021,2021
Statistical-Yearbook-2023.xlsx,53,31,5,2023,2023
Statistical-Yearbook-2023.xlsx,53,32,5,2023,2023
Statistical-Yearbook-2023.xlsx,53,33,5,2021,2021
Statistical-Yearbook-2023.xlsx,53,34,5,2023,2023
Statistical-Yearbook-2023.xlsx,53,35,5,2023,2023
Statistical-Yearbook-2023.xlsx,53,36,5,2023,2023
Statistical-Yearbook-2023.xlsx,53,37,5,2023,2023
Statistical-Yearbook-2023.xlsx,53,38,5,2023,2023
Statistical-Yearbook-2023.xlsx,53,39,5,2023,2023
Statistical-Yearbook-2023.xlsx,53,40,5,2023,2023
Statistical-Yearbook-2023.xlsx,فهرس الباب الثالث,7,2,2023,حالات الأمراض السارية ( المعدية )  المبلغة خلال 2023 م حسب المنطقة الصحية
Statistical-Yearbook-2023.xlsx,فهرس الباب الثالث,27,2,2023,حالات الملاريا المبلغة بأماكن التوطن بالمملكة حسب المنطقة الصحية و الشهور عام 2023 م.
Statistical-Yearbook-2023.xlsx,فهرس الباب الثالث,39,2,2021,حالات الليشمانيا الجلدية والحشوية المبلغة حسب المنطقة الصحية والجنسية  2021-2023م
Statistical-Yearbook-2023.xlsx,فهرس الباب الثالث,40,2,2021,"Reported Cases of Cutaneous and Visceral Leishmaniasis by Health Region and Nationality, 2021-2023G"
Statistical-Yearbook-2023.xlsx,3-2تكملة,1,1,2023,حالات الأمراض المعدية المبلغة خلال 2023 م حسب المنطقة الصحية
Statistical-Yearbook-2023.xlsx,3-12,1,1,2023,حالات الملاريا المبلغة بأماكن التوطن بالمملكة حسب المنطقة الصحية و الشهور عام 2023 م.
Statistical-Yearbook-2023.xlsx,3-14,5,5,2021,2021
Statistical-Yearbook-2023.xlsx,3-14,5,6,2022,2022
Statistical-Yearbook-2023.xlsx,3-14,5,7,2023,2023
Statistical-Yearbook-2023.xlsx,3-18,1,1,2022,حالات الليشمانيا الجلدية والحشوية المبلغة حسب المنطقة الصحية والجنسية  2022-2023م .
Statistical-Yearbook-2023.xlsx,3-18,2,1,2022,"Reported Cases of Cutaneous and Visceral Leishmaniasis by Health Region and Nationality, 2022-2023G."
Statistical-Yearbook-2023.xlsx,6..,37,4,2021,2021
Statistical-Yearbook-2023.xlsx,6..,38,4,2022,2022
Statistical-Yearbook-2023.xlsx,56,4,5,2023,عدد الحالات تحت الخدمة نهاية 2023
Statistical-Yearbook-2023.xlsx,56,4,6,2023,عدد المستفيدين التراكمي نهاية عام 2023
Statistical-Yearbook-2023.xlsx,56,5,5,2023,Number of cases under service (end of 2023)
Statistical-Yearbook-2023.xlsx,56,5,6,2023,Cumulative number of Beneficiaries by the end of 2023
Statistical-Yearbook-2023.xlsx,fig1,9,25,2022,2022-Jan
Statistical-Yearbook-2023.xlsx,fig1,10,25,2022,2022-Feb
Statistical-Yearbook-2023.xlsx,fig1,11,25,2022,2022-Mar
Statistical-Yearbook-2023.xlsx,fig1,12,25,2022,2022-Apr
Statistical-Yearbook-2023.xlsx,fig1,13,25,2022,2022-May
Statistical-Yearbook-2023.xlsx,fig1,14,25,2022,2022-Jun
Statistical-Yearbook-2023.xlsx,fig1,15,25,2022,2022-Jul
Statistical-Yearbook-2023.xlsx,fig1,16,25,2022,2022-Aug
Statistical-Yearbook-2023.xlsx,fig1,17,25,2022,2022-Sep
Statistical-Yearbook-2023.xlsx,fig1,18,25,2022,2022-Oct
Statistical-Yearbook-2023.xlsx,fig1,19,25,2022,2022-Nov
Statistical-Yearbook-2023.xlsx,fig1,20,25,2022,2022-Dec
Statistical-Yearbook-2023.xlsx,fig2,9,25,2022,2022-Jan
Statistical-Yearbook-2023.xlsx,fig2,10,25,2022,2022-Feb
Statistical-Yearbook-2023.xlsx,fig2,11,25,2022,2022-Mar
Statistical-Yearbook-2023.xlsx,fig2,12,25,2022,2022-Apr
Statistical-Yearbook-2023.xlsx,fig2,13,25,2022,2022-May
Statistical-Yearbook-2023.xlsx,fig2,14,25,2022,2022-Jun
Statistical-Yearbook-2023.xlsx,fig2,15,25,2022,2022-Jul
Statistical-Yearbook-2023.xlsx,fig2,16,25,2022,2022-Aug
Statistical-Yearbook-2023.xlsx,fig2,17,25,2022,2022-Sep
Statistical-Yearbook-2023.xlsx,fig2,18,25,2022,2022-Oct
Statistical-Yearbook-2023.xlsx,fig2,19,25,2022,2022-Nov
Statistical-Yearbook-2023.xlsx,fig2,20,25,2022,2022-Dec
Statistical-Yearbook-2023.xlsx,fig3,8,26,2022,2022-Jan
Statistical-Yearbook-2023.xlsx,fig3,9,26,2022,2022-Feb
Statistical-Yearbook-2023.xlsx,fig3,10,26,2022,2022-Mar
Statistical-Yearbook-2023.xlsx,fig3,11,26,2022,2022-Apr
Statistical-Yearbook-2023.xlsx,fig3,12,26,2022,2022-May
Statistical-Yearbook-2023.xlsx,fig3,13,26,2022,2022-Jun
Statistical-Yearbook-2023.xlsx,fig3,14,26,2022,2022-Jul
Statistical-Yearbook-2023.xlsx,fig3,15,26,2022,2022-Aug
Statistical-Yearbook-2023.xlsx,fig3,16,26,2022,2022-Sep
Statistical-Yearbook-2023.xlsx,fig3,17,26,2022,2022-Oct
Statistical-Yearbook-2023.xlsx,fig3,18,26,2022,2022-Nov
Statistical-Yearbook-2023.xlsx,fig3,19,26,2022,2022-Dec
Statistical-Yearbook-2023.xlsx,fig4,6,25,2022,2022-Jan
Statistical-Yearbook-2023.xlsx,fig4,7,25,2022,2022-Feb
Statistical-Yearbook-2023.xlsx,fig4,8,25,2022,2022-Mar
Statistical-Yearbook-2023.xlsx,fig4,9,25,2022,2022-Apr
Statistical-Yearbook-2023.xlsx,fig4,10,25,2022,2022-May
Statistical-Yearbook-2023.xlsx,fig4,11,25,2022,2022-Jun
Statistical-Yearbook-2023.xlsx,fig4,12,25,2022,2022-Jul
Statistical-Yearbook-2023.xlsx,fig4,13,25,2022,2022-Aug
Statistical-Yearbook-2023.xlsx,fig4,14,25,2022,2022-Sep
Statistical-Yearbook-2023.xlsx,fig4,15,25,2022,2022-Oct
Statistical-Yearbook-2023.xlsx,fig4,16,25,2022,2022-Nov
Statistical-Yearbook-2023.xlsx,fig4,17,25,2022,2022-Dec
Statistical-Yearbook-2023.xlsx,fig5,7,25,2022,2022-01
Statistical-Yearbook-2023.xlsx,fig5,8,25,2022,2022-02
Statistical-Yearbook-2023.xlsx,fig5,9,25,2022,2022-03
Statistical-Yearbook-2023.xlsx,fig5,10,25,2022,2022-04
Statistical-Yearbook-2023.xlsx,fig5,11,25,2022,2022-05
Statistical-Yearbook-2023.xlsx,fig5,12,25,2022,2022-06
Statistical-Yearbook-2023.xlsx,fig5,13,25,2022,2022-07
Statistical-Yearbook-2023.xlsx,fig5,14,25,2022,2022-08
Statistical-Yearbook-2023.xlsx,fig5,15,25,2022,2022-09
Statistical-Yearbook-2023.xlsx,fig5,16,25,2022,2022-10
Statistical-Yearbook-2023.xlsx,fig5,17,25,2022,2022-11
Statistical-Yearbook-2023.xlsx,fig5,18,25,2022,2022-12
Statistical-Yearbook-2023.xlsx,fig6,9,28,2022,2022-Jan
Statistical-Yearbook-2023.xlsx,fig6,10,28,2022,2022-Feb
Statistical-Yearbook-2023.xlsx,fig6,11,28,2022,2022-Mar
Statistical-Yearbook-2023.xlsx,fig6,12,28,2022,2022-Apr
Statistical-Yearbook-2023.xlsx,fig6,13,28,2022,2022-May
Statistical-Yearbook-2023.xlsx,fig6,14,28,2022,2022-Jun
Statistical-Yearbook-2023.xlsx,fig6,15,28,2022,2022-Jul
Statistical-Yearbook-2023.xlsx,fig6,16,28,2022,2022-Aug
Statistical-Yearbook-2023.xlsx,fig6,17,28,2022,2022-Sep
Statistical-Yearbook-2023.xlsx,fig6,18,28,2022,2022-Oct
Statistical-Yearbook-2023.xlsx,fig6,19,28,2022,2022-Nov
Statistical-Yearbook-2023.xlsx,fig6,20,28,2022,2022-Dec
Statistical-Yearbook-2023.xlsx,fig7,9,24,2022,2022-Jan
Statistical-Yearbook-2023.xlsx,fig7,10,24,2022,2022-Feb
Statistical-Yearbook-2023.xlsx,fig7,11,24,2022,2022-Mar
Statistical-Yearbook-2023.xlsx,fig7,12,24,2022,2022-Apr
Statistical-Yearbook-2023.xlsx,fig7,13,24,2022,2022-May
Statistical-Yearbook-2023.xlsx,fig7,14,24,2022,2022-Jun
Statistical-Yearbook-2023.xlsx,fig7,15,24,2022,2022-Jul
Statistical-Yearbook-2023.xlsx,fig7,16,24,2022,2022-Aug
Statistical-Yearbook-2023.xlsx,fig7,17,24,2022,2022-Sep
Statistical-Yearbook-2023.xlsx,fig7,18,24,2022,2022-Oct
Statistical-Yearbook-2023.xlsx,fig7,19,24,2022,2022-Nov
Statistical-Yearbook-2023.xlsx,fig7,20,24,2022,2022-Dec
Statistical-Yearbook-2023.xlsx,5-1,14,7,2021,2021
Statistical-Yearbook-2023.xlsx,5-1,15,7,2022,2022
Statistical-Yearbook-2023.xlsx,5-1,16,7,2023,2023
Statistical-Yearbook-2024.xlsx,فهرس الباب الأول,11,2,2021,تقديرات عدد السكان بالمناطق الإدارية للأعوام 2010-2021  بناء على تعداد عام 2022م.
Statistical-Yearbook-2024.xlsx,فهرس الباب الأول,19,2,2023,مؤشرات مختارة عن الموارد المتاحة بمستشفيات وزارة الصحة حسب المنطقة الصحية لعام 2023 م.
Statistical-Yearbook-2024.xlsx,1-1,7,3,2024,2024
Statistical-Yearbook-2024.xlsx,1-1,8,3,2024,2024
Statistical-Yearbook-2024.xlsx,1-1,9,3,2024,2024
Statistical-Yearbook-2024.xlsx,1-1,10,3,2024,2024
Statistical-Yearbook-2024.xlsx,1-1,11,3,2024,2024
Statistical-Yearbook-2024.xlsx,1-1,12,3,2024,2024
Statistical-Yearbook-2024.xlsx,1-1,13,3,2024,2024
Statistical-Yearbook-2024.xlsx,1-1,14,3,2024,2024
Statistical-Yearbook-2024.xlsx,1-1,16,3,2024,2024
Statistical-Yearbook-2024.xlsx,1-5,1,1,2021,تقديرات عدد السكان بالمناطق الإدارية للأعوام 2010-2021  بناء على تعداد عام 2022م.
Statistical-Yearbook-2024.xlsx,1-5,4,13,2021,2021
Statistical-Yearbook-2024.xlsx,1-5,4,14,2022,2022
Statistical-Yearbook-2024.xlsx,1-6,16,1,2021,2021
Statistical-Yearbook-2024.xlsx,1-6,17,1,2022,2022
Statistical-Yearbook-2024.xlsx,1-6,18,1,2023,2023
Statistical-Yearbook-2024.xlsx,1-6,19,1,2024,2024
Statistical-Yearbook-2024.xlsx,1-7,4,4,2021,2021
Statistical-Yearbook-2024.xlsx,1-7,4,5,2022,2022
Statistical-Yearbook-2024.xlsx,1-7,4,6,2023,2023
Statistical-Yearbook-2024.xlsx,1-7,4,7,2024,2024
Statistical-Yearbook-2024.xlsx,1-8,18,8,2024,The source of workforce data has been modified as of 2024 to be the Saudi Commission for Health Specialties.
Statistical-Yearbook-2024.xlsx,1-9,1,1,2024,مؤشرات مختارة عن الموارد المتاحة بمستشفيات وزارة الصحة حسب فروع ومكاتب وزارة الصحة لعام 2024 م
Statistical-Yearbook-2024.xlsx,1-12,4,5,2021,2021
Statistical-Yearbook-2024.xlsx,1-12,4,6,2022,2022
Statistical-Yearbook-2024.xlsx,1-12,4,7,2023,2023
Statistical-Yearbook-2024.xlsx,1-12,4,8,2024,2024
Statistical-Yearbook-2024.xlsx,2-1,7,1,2021,2021
Statistical-Yearbook-2024.xlsx,2-1,8,1,2022,2022
Statistical-Yearbook-2024.xlsx,2-1,9,1,2023,2023
Statistical-Yearbook-2024.xlsx,2-1,10,1,2024,2024
Statistical-Yearbook-2024.xlsx,2-43,19,6,2022,2022
Statistical-Yearbook-2024.xlsx,2-54,1,1,2023,الطلبة والطالبات في الكليات الصحية الحكومية للعام الدراسي 2023-2024م.
Statistical-Yearbook-2024.xlsx,2-54,2,1,2023,Enrolled Students in Governmental Health Colleges for the Academic Year 2023-2024G.
Statistical-Yearbook-2024.xlsx,2-55,1,1,2023,خريجو وخريجات الكليات الصحية الحكومية للعام الدراسي 2023-2024م.
Statistical-Yearbook-2024.xlsx,2-55,2,1,2023,Graduates in Governmental Health Colleges for the Academic Year 2023-2024G.
Statistical-Yearbook-2024.xlsx,2-56,1,1,2023,الطلبة والطالبات في الكليات الصحية الأهلية للعام الدراسي 2023-2024م.
Statistical-Yearbook-2024.xlsx,2-56,2,1,2023,Enrolled Students in Private Health Colleges for the Academic Year 2023-2024G.
Statistical-Yearbook-2024.xlsx,2-57,1,1,2023,خريجو وخريجات الكليات الصحية الأهلية للعام الدراسي 2023-2024م.
Statistical-Yearbook-2024.xlsx,2-57,2,1,2023,Graduates in Private Health Colleges for the Academic Year 2023-2024G.
Statistical-Yearbook-2024.xlsx,2-58,5,5,2022,2022
Statistical-Yearbook-2024.xlsx,2-58,6,5,2023,2023
Statistical-Yearbook-2024.xlsx,2-58,7,5,2022,2022
Statistical-Yearbook-2024.xlsx,2-58,8,5,2022,2022
Statistical-Yearbook-2024.xlsx,2-58,9,5,2022,2022
Statistical-Yearbook-2024.xlsx,2-58,10,5,2023,2023
Statistical-Yearbook-2024.xlsx,2-58,11,5,2022,2022
Statistical-Yearbook-2024.xlsx,2-58,12,5,2021,2021
Statistical-Yearbook-2024.xlsx,2-58,13,5,2023,2023
Statistical-Yearbook-2024.xlsx,2-58,14,5,2022,2022
Statistical-Yearbook-2024.xlsx,2-58,15,5,2023,2023
Statistical-Yearbook-2024.xlsx,2-58,16,5,2023,2023
Statistical-Yearbook-2024.xlsx,2-58,17,5,2023,2023
Statistical-Yearbook-2024.xlsx,2-58,18,5,2023,2023
Statistical-Yearbook-2024.xlsx,2-58,19,5,2023,2023
Statistical-Yearbook-2024.xlsx,2-58,20,5,2022,2022
Statistical-Yearbook-2024.xlsx,2-58,21,5,2021,2021
Statistical-Yearbook-2024.xlsx,2-58,22,5,2021,2021
Statistical-Yearbook-2024.xlsx,2-58,23,5,2023,2023
Statistical-Yearbook-2024.xlsx,2-58,24,5,2024,2024
Statistical-Yearbook-2024.xlsx,2-58,25,5,2022,2022
Statistical-Yearbook-2024.xlsx,2-58,26,5,2022,2022
Statistical-Yearbook-2024.xlsx,2-58,27,5,2023,2023
Statistical-Yearbook-2024.xlsx,2-58,28,5,2023,2023
Statistical-Yearbook-2024.xlsx,2-58,29,5,2024,2024
Statistical-Yearbook-2024.xlsx,2-58,30,5,2023,2023
Statistical-Yearbook-2024.xlsx,2-58,31,5,2022,2022
Statistical-Yearbook-2024.xlsx,2-58,32,5,2023,2023
Statistical-Yearbook-2024.xlsx,2-58,33,5,2024,2024
Statistical-Yearbook-2024.xlsx,2-58,34,5,2024,2024
Statistical-Yearbook-2024.xlsx,2-58,35,5,2023,2023
Statistical-Yearbook-2024.xlsx,2-58,36,5,2023,2023
Statistical-Yearbook-2024.xlsx,2-58,37,5,2021,2021
Statistical-Yearbook-2024.xlsx,2-58,38,5,2022,2022
Statistical-Yearbook-2024.xlsx,2-58,39,5,2023,2023
Statistical-Yearbook-2024.xlsx,2-58,40,5,2021,2021
Statistical-Yearbook-2024.xlsx,2-59,5,5,2024,2024
Statistical-Yearbook-2024.xlsx,2-59,6,5,2022,2022
Statistical-Yearbook-2024.xlsx,2-59,7,5,2023,2023
Statistical-Yearbook-2024.xlsx,2-59,8,5,2024,2024
Statistical-Yearbook-2024.xlsx,2-59,9,5,2024,2024
Statistical-Yearbook-2024.xlsx,2-59,10,5,2024,2024
Statistical-Yearbook-2024.xlsx,2-59,11,5,2024,2024
Statistical-Yearbook-2024.xlsx,2-59,12,5,2021,2021
Statistical-Yearbook-2024.xlsx,2-59,13,5,2021,2021
Statistical-Yearbook-2024.xlsx,2-59,14,5,2024,2024
Statistical-Yearbook-2024.xlsx,2-59,15,5,2024,2024
Statistical-Yearbook-2024.xlsx,2-59,16,5,2024,2024
Statistical-Yearbook-2024.xlsx,2-59,17,5,2023,2023
Statistical-Yearbook-2024.xlsx,2-59,18,5,2021,2021
Statistical-Yearbook-2024.xlsx,2-59,19,5,2021,2021
Statistical-Yearbook-2024.xlsx,2-59,20,5,2022,2022
Statistical-Yearbook-2024.xlsx,2-59,21,5,2022,2022
Statistical-Yearbook-2024.xlsx,2-59,22,5,2022,2022
Statistical-Yearbook-2024.xlsx,2-59,23,5,2021,2021
Statistical-Yearbook-2024.xlsx,2-59,24,5,2022,2022
Statistical-Yearbook-2024.xlsx,2-59,25,5,2023,2023
Statistical-Yearbook-2024.xlsx,2-59,26,5,2022,2022
Statistical-Yearbook-2024.xlsx,2-59,27,5,2023,2023
Statistical-Yearbook-2024.xlsx,2-59,28,5,2024,2024
Statistical-Yearbook-2024.xlsx,2-59,29,5,2023,2023
Statistical-Yearbook-2024.xlsx,2-59,30,5,2024,2024
Statistical-Yearbook-2024.xlsx,2-59,31,5,2021,2021
Statistical-Yearbook-2024.xlsx,2-59,32,5,2022,2022
Statistical-Yearbook-2024.xlsx,2-59,33,5,2022,2022
Statistical-Yearbook-2024.xlsx,2-59,34,5,2022,2022
Statistical-Yearbook-2024.xlsx,2-59,35,5,2022,2022
Statistical-Yearbook-2024.xlsx,2-59,36,5,2024,2024
Statistical-Yearbook-2024.xlsx,2-59,37,5,2022,2022
Statistical-Yearbook-2024.xlsx,2-59,38,5,2023,2023
Statistical-Yearbook-2024.xlsx,2-59,39,5,2023,2023
Statistical-Yearbook-2024.xlsx,2-59,40,5,2022,2022
Statistical-Yearbook-2024.xlsx,2-60,5,5,2022,2022
Statistical-Yearbook-2024.xlsx,2-60,6,5,2022,2022
Statistical-Yearbook-2024.xlsx,2-60,7,5,2022,2022
Statistical-Yearbook-2024.xlsx,2-60,8,5,2023,2023
Statistical-Yearbook-2024.xlsx,2-60,9,5,2022,2022
Statistical-Yearbook-2024.xlsx,2-60,10,5,2023,2023
Statistical-Yearbook-2024.xlsx,2-60,11,5,2022,2022
Statistical-Yearbook-2024.xlsx,2-60,12,5,2022,2022
Statistical-Yearbook-2024.xlsx,2-60,13,5,2021,2021
Statistical-Yearbook-2024.xlsx,2-60,14,5,2021,2021
Statistical-Yearbook-2024.xlsx,2-60,15,5,2021,2021
Statistical-Yearbook-2024.xlsx,2-60,16,5,2021,2021
Statistical-Yearbook-2024.xlsx,2-60,17,5,2021,2021
Statistical-Yearbook-2024.xlsx,2-60,18,5,2021,2021
Statistical-Yearbook-2024.xlsx,2-60,19,5,2021,2021
Statistical-Yearbook-2024.xlsx,2-60,20,5,2021,2021
Statistical-Yearbook-2024.xlsx,2-60,21,5,2021,2021
Statistical-Yearbook-2024.xlsx,2-60,22,5,2021,2021
Statistical-Yearbook-2024.xlsx,2-60,23,5,2021,2021
Statistical-Yearbook-2024.xlsx,2-60,24,5,2023,2023
Statistical-Yearbook-2024.xlsx,2-60,25,5,2021,2021
Statistical-Yearbook-2024.xlsx,2-60,26,5,2021,2021
Statistical-Yearbook-2024.xlsx,2-60,27,5,2022,2022
Statistical-Yearbook-2024.xlsx,2-60,28,5,2021,2021
Statistical-Yearbook-2024.xlsx,2-60,29,5,2023,2023
Statistical-Yearbook-2024.xlsx,2-60,30,5,2023,2023
Statistical-Yearbook-2024.xlsx,2-60,31,5,2021,2021
Statistical-Yearbook-2024.xlsx,2-60,32,5,2023,2023
Statistical-Yearbook-2024.xlsx,2-60,33,5,2023,2023
Statistical-Yearbook-2024.xlsx,2-60,34,5,2023,2023
Statistical-Yearbook-2024.xlsx,2-60,35,5,2023,2023
Statistical-Yearbook-2024.xlsx,2-60,36,5,2023,2023
Statistical-Yearbook-2024.xlsx,2-60,37,5,2023,2023
Statistical-Yearbook-2024.xlsx,2-60,38,5,2023,2023
Statistical-Yearbook-2024.xlsx,2-60,39,5,2023,2023
Statistical-Yearbook-2024.xlsx,2-60,40,5,2023,2023
Statistical-Yearbook-2024.xlsx,فهرس الباب الثالث,7,2,2024,حالات الأمراض السارية ( المعدية )  المبلغة خلال 2024 م حسب فروع ومكاتب وزارة الصحة
Statistical-Yearbook-2024.xlsx,فهرس الباب الثالث,27,2,2024,حالات الملاريا المبلغة بأماكن التوطن بالمملكة حسب فروع ومكاتب وزارة الصحة و الشهور عام 2024 م.
Statistical-Yearbook-2024.xlsx,فهرس الباب الثالث,39,2,2023,حالات الليشمانيا الجلدية والحشوية المبلغة حسب فروع ومكاتب وزارة الصحة والجنسية  2023-2024م
Statistical-Yearbook-2024.xlsx,فهرس الباب الثالث,40,2,2023,"Reported Cases of Cutaneous and Visceral Leishmaniasis by MoH Branches & Offices and Nationality, 2023-2024G"
Statistical-Yearbook-2024.xlsx,3-2تكملة,1,1,2024,حالات الأمراض المعدية المبلغة خلال 2024 م حسب فروع ومكاتب وزارة الصحة
Statistical-Yearbook-2024.xlsx,3-12,1,1,2024,حالات الملاريا المبلغة بأماكن التوطن بالمملكة حسب فروع وزارة الصحة و الشهور عام 2024 م.
Statistical-Yearbook-2024.xlsx,3-14,5,4,2021,2021
Statistical-Yearbook-2024.xlsx,3-14,5,5,2022,2022
Statistical-Yearbook-2024.xlsx,3-14,5,6,2023,2023
Statistical-Yearbook-2024.xlsx,3-14,5,7,2024,2024
Statistical-Yearbook-2024.xlsx,3-18,1,1,2023,حالات الليشمانيا الجلدية والحشوية المبلغة حسب فروع ومكاتب وزارة الصحة والجنسية  2023-2024م .
Statistical-Yearbook-2024.xlsx,3-18,2,1,2023,"Reported Cases of Cutaneous and Visceral Leishmaniasis by MoH Branches & Offices and Nationality, 2023-2024G."
Statistical-Yearbook-2024.xlsx,4-24,2,1,2024,"Inpatients at Long-term Hospitals and Long-term Beds of General Hospitals of MoH by Health Cluster, 2024 G."
Statistical-Yearbook-2024.xlsx,4-32,10,10,2021,2021
Statistical-Yearbook-2024.xlsx,4-38,11,8,2021,2021
Statistical-Yearbook-2024.xlsx,4-42,1,1,2024,مراكز ومرضى الغسيل الكلوي حسب القطاعات الصحية عام 2024
Statistical-Yearbook-2024.xlsx,4-49,2,1,2024,"Services of Rehabilitation Center for Children with Disability by Age, 2024 G"
Statistical-Yearbook-2024.xlsx,4-63,2,1,2024,Referrals including reverse referrals to general or specialized government hospitals according to the referring and receiving cluster in 2024 G.
Statistical-Yearbook-2024.xlsx,4-67,2,1,2024,"Number of MoH Hospitals Implementing Home Health Care Program, Manpower and Beneficiaries by MoH Branches, 2024 G"
Statistical-Yearbook-2024.xlsx,4-67,4,5,2024,عدد الحالات تحت الخدمة نهاية 2024
Statistical-Yearbook-2024.xlsx,4-67,4,6,2024,عدد المستفيدين التراكمي نهاية عام 2024
Statistical-Yearbook-2024.xlsx,4-67,5,5,2024,Number of cases under service (end of 2024)
Statistical-Yearbook-2024.xlsx,4-67,5,6,2024,Cumulative number of Beneficiaries by the end of 2024
Statistical-Yearbook-2024.xlsx,5-1,12,7,2021,2021
Statistical-Yearbook-2024.xlsx,5-1,13,7,2022,2022
Statistical-Yearbook-2024.xlsx,5-1,14,7,2023,2023
Statistical-Yearbook-2024.xlsx,5-1,15,7,2024,2024
