comparison_group_id,source_year,workbook_name,sheet_name,chapter,topic,likely_table_title,geography_level_candidate,max_rows,max_columns,probable_header_row,probable_data_start_row,region_candidate_count,detected_years,group_geography_levels,comparison_status,manual_validation_required
FY-001,2021,Statistical-Yearbook-2021-Chapter-I-Health-Indicators.xlsx,1,Health Indicators,Population,Crude Birth Rate /1000 Population,Unknown / National / Other,22,8,6,7,0,2021,Unknown / National / Other,CANDIDATE_ONLY,YES
FY-001,2022,2022-Chapter-I-Health-Indicators.xlsx,1,Health Indicators,Population,Crude Birth Rate /1000 Population,Unknown / National / Other,22,14,6,7,0,2022,Unknown / National / Other,CANDIDATE_ONLY,YES
FY-001,2023,Statistical-Yearbook-2023.xlsx,1,Unknown / Other,Population,Crude Birth Rate /1000 Population,Unknown / National / Other,22,14,6,7,0,"2022, 2023",Unknown / National / Other,CANDIDATE_ONLY,YES
FY-001,2024,Statistical-Yearbook-2024.xlsx,1-1,Health Indicators,Population,Crude Birth Rate /1000 Population,Unknown / National / Other,18,10,6,7,0,2024,Unknown / National / Other,CANDIDATE_ONLY,YES
FY-002,2021,Statistical-Yearbook-2021-Chapter-I-Health-Indicators.xlsx,3,Health Indicators,Other,Table 1-3,Unknown / National / Other,28,8,7,8,0,2021,Health Region | Unknown / National / Other,CANDIDATE_ONLY,YES
FY-002,2021,Statistical-Yearbook-2021-Chapter-I-Health-Indicators.xlsx,7,Health Indicators,Other,Table 1-7,Unknown / National / Other,13,8,4,5,0,,Health Region | Unknown / National / Other,CANDIDATE_ONLY,YES
FY-002,2021,statistical-yearbook-2021-chapter-IV-health-activities.xlsx,58,Health Activities,Other,Table 4-58,Unknown / National / Other,16,14,4,5,0,,Health Region | Unknown / National / Other,CANDIDATE_ONLY,YES
FY-002,2021,statistical-yearbook-2021-chapter-IV-health-activities.xlsx,59,Health Activities,Other,Table 4-59,Unknown / National / Other,15,4,14,,0,,Health Region | Unknown / National / Other,CANDIDATE_ONLY,YES
FY-002,2022,2022-Chapter-I-Health-Indicators.xlsx,3,Health Indicators,Other,Table 1-3,Unknown / National / Other,23,11,7,8,0,"2021, 2022",Health Region | Unknown / National / Other,CANDIDATE_ONLY,YES
FY-002,2022,2022-Chapter-I-Health-Indicators.xlsx,6,Health Indicators,Other,Table 1-6,Unknown / National / Other,13,8,4,5,0,,Health Region | Unknown / National / Other,CANDIDATE_ONLY,YES
FY-002,2022,2022-Chapter-IV-Health-Activities.xlsx,56,Health Activities,Other,Table 4-56,Unknown / National / Other,16,15,4,5,0,,Health Region | Unknown / National / Other,CANDIDATE_ONLY,YES
FY-002,2023,Statistical-Yearbook-2023.xlsx,5,Unknown / Other,Other,Table 1-5,Unknown / National / Other,18,7,5,6,0,"2021, 2022",Health Region | Unknown / National / Other,CANDIDATE_ONLY,YES
FY-002,2023,Statistical-Yearbook-2023.xlsx,8,Unknown / Other,Other,Table 1-8,Unknown / National / Other,23,5,7,8,0,"2021, 2022, 2023",Health Region | Unknown / National / Other,CANDIDATE_ONLY,YES
FY-002,2023,Statistical-Yearbook-2023.xlsx,11,Unknown / Other,Other,Table 1-11,Unknown / National / Other,13,12,4,5,0,,Health Region | Unknown / National / Other,CANDIDATE_ONLY,YES
FY-002,2023,Statistical-Yearbook-2023.xlsx,3-3,Unknown / Other,Other,Table 3-3,Unknown / National / Other,39,16,4,5,0,,Health Region | Unknown / National / Other,CANDIDATE_ONLY,YES
FY-002,2023,Statistical-Yearbook-2023.xlsx,3-4,Unknown / Other,Other,Table 3-4,Unknown / National / Other,38,10,5,6,0,,Health Region | Unknown / National / Other,CANDIDATE_ONLY,YES
FY-002,2023,Statistical-Yearbook-2023.xlsx,3-5,Unknown / Other,Other,Table 3-5,Unknown / National / Other,220,18,6,7,0,,Health Region | Unknown / National / Other,CANDIDATE_ONLY,YES
FY-002,2023,Statistical-Yearbook-2023.xlsx,57,Unknown / Other,Other,Table 4-57,Unknown / National / Other,16,10,4,5,0,,Health Region | Unknown / National / Other,CANDIDATE_ONLY,YES
FY-002,2023,Statistical-Yearbook-2023.xlsx,5-1,Unknown / Other,Other,Table 5-1,Unknown / National / Other,18,16,13,14,0,"2021, 2022, 2023",Health Region | Unknown / National / Other,CANDIDATE_ONLY,YES
FY-002,2023,Statistical-Yearbook-2023.xlsx,5-9,Unknown / Other,Other,Table 5-9,Health Region,31,16,9,10,4,,Health Region | Unknown / National / Other,CANDIDATE_ONLY,YES
FY-002,2023,Statistical-Yearbook-2023.xlsx,5-10,Unknown / Other,Other,Table 5-10,Health Region,31,16,9,10,4,,Health Region | Unknown / National / Other,CANDIDATE_ONLY,YES
FY-002,2023,Statistical-Yearbook-2023.xlsx,5-11,Unknown / Other,Other,Table 5-11,Health Region,31,16,9,10,4,,Health Region | Unknown / National / Other,CANDIDATE_ONLY,YES
FY-002,2023,Statistical-Yearbook-2023.xlsx,5-13,Unknown / Other,Other,Table 5-13,Health Region,32,16,9,10,4,,Health Region | Unknown / National / Other,CANDIDATE_ONLY,YES
FY-002,2023,Statistical-Yearbook-2023.xlsx,5-14,Unknown / Other,Other,Table 5-14,Health Region,32,16,9,10,4,,Health Region | Unknown / National / Other,CANDIDATE_ONLY,YES
FY-002,2023,Statistical-Yearbook-2023.xlsx,5-15,Unknown / Other,Other,Table 5-15,Health Region,32,16,9,10,4,,Health Region | Unknown / National / Other,CANDIDATE_ONLY,YES
FY-002,2023,Statistical-Yearbook-2023.xlsx,5-16,Unknown / Other,Other,Table 5-16,Health Region,31,16,9,10,4,,Health Region | Unknown / National / Other,CANDIDATE_ONLY,YES
FY-002,2024,Statistical-Yearbook-2024.xlsx,1-6,Health Indicators,Other,Table 1-6,Unknown / National / Other,20,4,5,6,0,"2021, 2022, 2023, 2024",Health Region | Unknown / National / Other,CANDIDATE_ONLY,YES
FY-002,2024,Statistical-Yearbook-2024.xlsx,1-10,Health Indicators,Other,Table 1-10,Unknown / National / Other,12,12,4,5,0,,Health Region | Unknown / National / Other,CANDIDATE_ONLY,YES
FY-002,2024,Statistical-Yearbook-2024.xlsx,2-52,Health Resources,Other,Table 2-52,Unknown / National / Other,56,50,4,5,28,,Health Region | Unknown / National / Other,CANDIDATE_ONLY,YES
FY-002,2024,Statistical-Yearbook-2024.xlsx,3-2,Unknown / Other,Other,جدول 3-2,Unknown / National / Other,51,31,4,5,19,,Health Region | Unknown / National / Other,CANDIDATE_ONLY,YES
FY-002,2024,Statistical-Yearbook-2024.xlsx,3-3,Unknown / Other,Other,Table 3-3,Unknown / National / Other,39,16,4,5,0,,Health Region | Unknown / National / Other,CANDIDATE_ONLY,YES
FY-002,2024,Statistical-Yearbook-2024.xlsx,3-4,Unknown / Other,Other,Table 3-4,Unknown / National / Other,38,10,5,6,0,,Health Region | Unknown / National / Other,CANDIDATE_ONLY,YES
FY-002,2024,Statistical-Yearbook-2024.xlsx,3-5,Unknown / Other,Other,Table 3-5,Unknown / National / Other,217,15,6,7,0,,Health Region | Unknown / National / Other,CANDIDATE_ONLY,YES
FY-002,2024,Statistical-Yearbook-2024.xlsx,3-7,Unknown / Other,Other,Table 3-7,Unknown / National / Other,36,35,6,7,19,,Health Region | Unknown / National / Other,CANDIDATE_ONLY,YES
FY-002,2024,Statistical-Yearbook-2024.xlsx,3-8,Unknown / Other,Other,Table 3-8,Unknown / National / Other,36,35,6,7,19,,Health Region | Unknown / National / Other,CANDIDATE_ONLY,YES
FY-002,2024,Statistical-Yearbook-2024.xlsx,3.9,Unknown / Other,Other,Table 3-9,Unknown / National / Other,35,7,4,5,19,,Health Region | Unknown / National / Other,CANDIDATE_ONLY,YES
FY-002,2024,Statistical-Yearbook-2024.xlsx,3-10,Unknown / Other,Other,Table 3-10,Unknown / National / Other,30,14,6,7,19,,Health Region | Unknown / National / Other,CANDIDATE_ONLY,YES
FY-002,2024,Statistical-Yearbook-2024.xlsx,3-11,Unknown / Other,Other,Table 3-11,Unknown / National / Other,32,15,6,7,19,,Health Region | Unknown / National / Other,CANDIDATE_ONLY,YES
FY-002,2024,Statistical-Yearbook-2024.xlsx,3-17,Unknown / Other,Other,Table 3-17,Health Region,20,11,4,5,8,,Health Region | Unknown / National / Other,CANDIDATE_ONLY,YES
FY-002,2024,Statistical-Yearbook-2024.xlsx,3-18,Unknown / Other,Other,Table 3-18,Unknown / National / Other,54,14,7,8,18,2023,Health Region | Unknown / National / Other,CANDIDATE_ONLY,YES
FY-002,2024,Statistical-Yearbook-2024.xlsx,3-23,Unknown / Other,Other,Table 3-23,Unknown / National / Other,28,10,6,7,20,,Health Region | Unknown / National / Other,CANDIDATE_ONLY,YES
FY-002,2024,Statistical-Yearbook-2024.xlsx,4-43,Health Activities,Other,Table 4-43,Unknown / National / Other,7,5,6,7,0,,Health Region | Unknown / National / Other,CANDIDATE_ONLY,YES
FY-002,2024,Statistical-Yearbook-2024.xlsx,4-50,Health Activities,Other,Table 4-50,Unknown / National / Other,32,26,4,5,25,,Health Region | Unknown / National / Other,CANDIDATE_ONLY,YES
FY-002,2024,Statistical-Yearbook-2024.xlsx,4-68,Health Activities,Other,Table 4-68,Unknown / National / Other,16,7,4,5,0,,Health Region | Unknown / National / Other,CANDIDATE_ONLY,YES
FY-002,2024,Statistical-Yearbook-2024.xlsx,5-1,Unknown / Other,Other,Table 5-1,Unknown / National / Other,17,16,11,12,0,"2021, 2022, 2023, 2024",Health Region | Unknown / National / Other,CANDIDATE_ONLY,YES
FY-002,2024,Statistical-Yearbook-2024.xlsx,5-9,Unknown / Other,Other,Table 5-9,Health Region,31,7,9,10,4,,Health Region | Unknown / National / Other,CANDIDATE_ONLY,YES
FY-002,2024,Statistical-Yearbook-2024.xlsx,5-10,Unknown / Other,Other,Table 5-10,Health Region,31,7,9,10,4,,Health Region | Unknown / National / Other,CANDIDATE_ONLY,YES
FY-002,2024,Statistical-Yearbook-2024.xlsx,5-11,Unknown / Other,Other,Table 5-11,Health Region,31,7,9,10,4,,Health Region | Unknown / National / Other,CANDIDATE_ONLY,YES
FY-002,2024,Statistical-Yearbook-2024.xlsx,5-13,Unknown / Other,Other,Table 5-13,Health Region,32,7,9,10,4,,Health Region | Unknown / National / Other,CANDIDATE_ONLY,YES
FY-002,2024,Statistical-Yearbook-2024.xlsx,5-14,Unknown / Other,Other,Table 5-14,Health Region,32,7,9,10,4,,Health Region | Unknown / National / Other,CANDIDATE_ONLY,YES
FY-002,2024,Statistical-Yearbook-2024.xlsx,5-15,Unknown / Other,Other,Table 5-15,Health Region,32,7,9,10,4,,Health Region | Unknown / National / Other,CANDIDATE_ONLY,YES
FY-003,2021,Statistical-Yearbook-2021-Chapter-I-Health-Indicators.xlsx,8,Health Indicators,Population,"Incidence Rate of Some Immunization Targeted Diseases (per 100,000 population) in the Last Five Years",Unknown / National / Other,13,9,4,5,0,,Unknown / National / Other,CANDIDATE_ONLY,YES
FY-003,2022,2022-Chapter-I-Health-Indicators.xlsx,7,Health Indicators,Population,"Incidence Rate of Some Immunization Targeted Diseases (per 100,000 population) in the Last Five Years",Unknown / National / Other,14,12,4,5,0,,Unknown / National / Other,CANDIDATE_ONLY,YES
FY-003,2023,Statistical-Yearbook-2023.xlsx,12,Unknown / Other,Population,"Incidence Rate of Some Immunization Targeted Diseases (per 100,000 population) in the Last Five Years",Unknown / National / Other,14,12,4,5,0,,Unknown / National / Other,CANDIDATE_ONLY,YES
FY-003,2024,Statistical-Yearbook-2024.xlsx,1-11,Health Indicators,Population,"Incidence Rate of Some Immunization Targeted Diseases (per 100,000 population) in the Last Five Years",Unknown / National / Other,14,12,4,5,0,,Unknown / National / Other,CANDIDATE_ONLY,YES
FY-004,2021,statistical-yearbook-2021-chapter-II-health-resources.xlsx,2-1,Health Resources,Other,الميزانية المخصصة لوزارة الصحة ( بمليارات الريالات) في الأعوام الخمسة الأخيرة بالنسبة للميزانية العامة للدولة,Unknown / National / Other,17,7,6,7,0,2021,Unknown / National / Other,CANDIDATE_ONLY,YES
FY-004,2022,2022-Chapter-II-Health-Resources.xlsx,2-1,Health Resources,Other,الميزانية المخصصة لوزارة الصحة ( بمليارات الريالات) في الأعوام الخمسة الأخيرة بالنسبة للميزانية العامة للدولة,Unknown / National / Other,25,6,6,7,0,"2021, 2022",Unknown / National / Other,CANDIDATE_ONLY,YES
FY-004,2023,Statistical-Yearbook-2023.xlsx,1.,Unknown / Other,Other,الميزانية المخصصة لوزارة الصحة ( بمليارات الريالات) في الأعوام الخمسة الأخيرة بالنسبة للميزانية العامة للدولة,Unknown / National / Other,21,4,5,6,0,"2021, 2022, 2023",Unknown / National / Other,CANDIDATE_ONLY,YES
FY-004,2024,Statistical-Yearbook-2024.xlsx,2-1,Health Resources,Other,الميزانية المخصصة لوزارة الصحة ( بمليارات الريالات) في الأعوام الخمسة الأخيرة بالنسبة للميزانية العامة للدولة,Unknown / National / Other,19,5,5,6,0,"2021, 2022, 2023, 2024",Unknown / National / Other,CANDIDATE_ONLY,YES
FY-005,2021,statistical-yearbook-2021-chapter-II-health-resources.xlsx,2-2,Health Resources,Population | Capacity,المستشفيات والأسرة بالقطاعات الصحية بالمملكة حسب الجهة ومعدل الأسرة لكل عشرة آلاف من السكان في الأعوام الخمسة الأخيرة,Unknown / National / Other,16,29,6,7,0,,Unknown / National / Other,CANDIDATE_ONLY,YES
FY-005,2022,2022-Chapter-II-Health-Resources.xlsx,2-2,Health Resources,Population | Capacity,المستشفيات والأسرة بالقطاعات الصحية بالمملكة حسب الجهة ومعدل الأسرة لكل عشرة آلاف من السكان في الأعوام الخمسة الأخيرة,Unknown / National / Other,17,29,6,7,0,,Unknown / National / Other,CANDIDATE_ONLY,YES
FY-005,2023,Statistical-Yearbook-2023.xlsx,2.,Unknown / Other,Population | Capacity,المستشفيات والأسرة بالقطاعات الصحية بالمملكة حسب الجهة ومعدل الأسرة لكل عشرة آلاف من السكان في الأعوام الخمسة الأخيرة,Unknown / National / Other,17,29,6,7,0,,Unknown / National / Other,CANDIDATE_ONLY,YES
FY-005,2024,Statistical-Yearbook-2024.xlsx,2-2,Health Resources,Population | Capacity,المستشفيات والأسرة بالقطاعات الصحية بالمملكة حسب الجهة ومعدل الأسرة لكل عشرة آلاف من السكان في الأعوام الخمسة الأخيرة,Unknown / National / Other,17,29,6,7,0,,Unknown / National / Other,CANDIDATE_ONLY,YES
FY-006,2021,statistical-yearbook-2021-chapter-II-health-resources.xlsx,2-4,Health Resources,Workforce,Health Manpower in KSA Health Sectors in the Last Five Years,Unknown / National / Other,38,22,11,12,0,,Unknown / National / Other,CANDIDATE_ONLY,YES
FY-006,2022,2022-Chapter-II-Health-Resources.xlsx,2-4,Health Resources,Workforce,Health Manpower in KSA Health Sectors in the Last Five Years,Unknown / National / Other,38,22,11,12,0,,Unknown / National / Other,CANDIDATE_ONLY,YES
FY-006,2023,Statistical-Yearbook-2023.xlsx,4.,Unknown / Other,Workforce,Health Manpower in KSA Health Sectors in the Last Five Years,Unknown / National / Other,38,26,5,6,0,,Unknown / National / Other,CANDIDATE_ONLY,YES
FY-006,2024,Statistical-Yearbook-2024.xlsx,2-17,Health Resources,Workforce,Health Manpower in KSA Health Sectors in the Last Five Years,Unknown / National / Other,44,28,5,6,0,,Unknown / National / Other,CANDIDATE_ONLY,YES
FY-007,2021,statistical-yearbook-2021-chapter-II-health-resources.xlsx,2-5,Health Resources,Workforce | Activity,"Physicians and Dentists in KSA Health Sectors by Speciality and Professional Categories, 2021G",Unknown / National / Other,45,23,7,8,0,,Unknown / National / Other,CANDIDATE_ONLY,YES
FY-007,2022,2022-Chapter-II-Health-Resources.xlsx,2-5,Health Resources,Workforce | Activity,"Physicians and Dentists in KSA Health Sectors by Speciality and Professional Categories, 2022G",Unknown / National / Other,53,21,7,8,0,,Unknown / National / Other,CANDIDATE_ONLY,YES
FY-007,2023,Statistical-Yearbook-2023.xlsx,5.,Unknown / Other,Workforce | Activity,"Physicians and Dentists in KSA Health Sectors by Speciality and Professional Categories, 2023G",Unknown / National / Other,49,18,7,8,0,,Unknown / National / Other,CANDIDATE_ONLY,YES
FY-007,2024,Statistical-Yearbook-2024.xlsx,2-19,Health Resources,Workforce | Activity,"Physicians and Dentists in KSA Health Sectors by Speciality and Professional Categories, 2024G",Unknown / National / Other,50,24,7,8,0,,Unknown / National / Other,CANDIDATE_ONLY,YES
FY-008,2021,statistical-yearbook-2021-chapter-II-health-resources.xlsx,2-8 ,Health Resources,Workforce,Health Manpower in MOH by Nationality in the Last Five Years,Unknown / National / Other,29,19,12,13,0,,Unknown / National / Other,CANDIDATE_ONLY,YES
FY-008,2022,2022-Chapter-II-Health-Resources.xlsx,2-8 ,Health Resources,Workforce,Health Manpower in MoH by Nationality in the Last Five Years,Unknown / National / Other,29,19,12,13,0,,Unknown / National / Other,CANDIDATE_ONLY,YES
FY-008,2023,Statistical-Yearbook-2023.xlsx,13.,Unknown / Other,Workforce,Health Manpower in MoH by Nationality in the Last Five Years,Unknown / National / Other,29,19,12,13,0,,Unknown / National / Other,CANDIDATE_ONLY,YES
FY-008,2024,Statistical-Yearbook-2024.xlsx,2-37,Health Resources,Workforce,Health Manpower in MoH by Nationality in the Last Five Years,Unknown / National / Other,33,19,12,13,0,,Unknown / National / Other,CANDIDATE_ONLY,YES
FY-009,2021,statistical-yearbook-2021-chapter-II-health-resources.xlsx,2.17,Health Resources,Capacity | Workforce,"Health Manpower in MOH Hospitals by Nationality, in the last Five Years",Unknown / National / Other,78,19,14,15,0,,Unknown / National / Other,CANDIDATE_ONLY,YES
FY-009,2022,2022-Chapter-II-Health-Resources.xlsx,2.17,Health Resources,Capacity | Workforce,"Health Manpower in MoH Hospitals by Nationality, in the last Five Years",Unknown / National / Other,78,19,14,15,0,,Unknown / National / Other,CANDIDATE_ONLY,YES
FY-009,2023,Statistical-Yearbook-2023.xlsx,22,Unknown / Other,Capacity | Workforce,"Health Manpower in MoH Hospitals by Nationality, in the last Five Years",Unknown / National / Other,78,19,12,13,0,,Unknown / National / Other,CANDIDATE_ONLY,YES
FY-009,2024,Statistical-Yearbook-2024.xlsx,2-40,Health Resources,Capacity | Workforce,"Health Manpower in MoH Hospitals by Nationality, in the last Five Years",Unknown / National / Other,33,19,12,13,0,,Unknown / National / Other,CANDIDATE_ONLY,YES
FY-010,2021,statistical-yearbook-2021-chapter-II-health-resources.xlsx,2.21,Health Resources,Capacity | Workforce,"Health Manpower in Primary Health Care Centers, MOH, in the last Five Years",Unknown / National / Other,29,19,14,15,0,,Unknown / National / Other,CANDIDATE_ONLY,YES
FY-010,2022,2022-Chapter-II-Health-Resources.xlsx,2.21,Health Resources,Capacity | Workforce,"Health Manpower in Primary Health Care Centers, MoH, in the last Five Years",Unknown / National / Other,29,19,14,15,0,,Unknown / National / Other,CANDIDATE_ONLY,YES
FY-010,2023,Statistical-Yearbook-2023.xlsx,26,Unknown / Other,Capacity | Workforce,"Health Manpower in Primary Health Care Centers, MoH, in the last Five Years",Unknown / National / Other,29,19,12,13,0,,Unknown / National / Other,CANDIDATE_ONLY,YES
FY-010,2024,Statistical-Yearbook-2024.xlsx,2-42,Health Resources,Capacity | Workforce,"Health Manpower in Primary Health Care Centers, MoH, in the last Five Years",Unknown / National / Other,33,19,12,13,0,,Unknown / National / Other,CANDIDATE_ONLY,YES
FY-011,2021,statistical-yearbook-2021-chapter-II-health-resources.xlsx,2.22,Health Resources,Capacity | Workforce,"Physicians and Dentists in MOH Primary Health Care Centers by Speciality and Nationality, in the last Five Years",Unknown / National / Other,34,9,4,5,0,,Unknown / National / Other,CANDIDATE_ONLY,YES
FY-011,2022,2022-Chapter-II-Health-Resources.xlsx,2.22,Health Resources,Capacity | Workforce,"Physicians and Dentists in MoH Primary Health Care Centers by Speciality and Nationality, in the last Five Years",Unknown / National / Other,34,9,4,5,0,,Unknown / National / Other,CANDIDATE_ONLY,YES
FY-011,2023,Statistical-Yearbook-2023.xlsx,27,Unknown / Other,Capacity | Workforce,"Physicians and Dentists in MoH Primary Health Care Centers by Speciality and Nationality, in the last Five Years",Unknown / National / Other,34,9,4,5,0,2022,Unknown / National / Other,CANDIDATE_ONLY,YES
FY-011,2024,Statistical-Yearbook-2024.xlsx,2-43,Health Resources,Capacity | Workforce,"Physicians and Dentists in MoH Primary Health Care Centers by Speciality and Nationality, in the last Five Years",Unknown / National / Other,75,19,14,15,0,2022,Unknown / National / Other,CANDIDATE_ONLY,YES
FY-012,2021,statistical-yearbook-2021-chapter-II-health-resources.xlsx,2.25,Health Resources,Capacity | Activity,"Hospital Beds in Other Governmental Sector by Speciality, 2021G.",Unknown / National / Other,24,56,4,5,2,,Unknown / National / Other,CANDIDATE_ONLY,YES
FY-012,2022,2022-Chapter-II-Health-Resources.xlsx,2.25,Health Resources,Capacity | Activity,"Hospital Beds in Other Governmental Sector by Speciality, 2022G.",Unknown / National / Other,27,56,4,5,0,2022,Unknown / National / Other,CANDIDATE_ONLY,YES
FY-012,2023,Statistical-Yearbook-2023.xlsx,30,Unknown / Other,Capacity | Activity,"Hospital Beds in Other Governmental Sector by Speciality, 2023G.",Unknown / National / Other,15,37,4,5,0,,Unknown / National / Other,CANDIDATE_ONLY,YES
FY-012,2024,Statistical-Yearbook-2024.xlsx,2-10,Health Resources,Capacity | Activity,"Hospital Beds in Other Governmental Sector by Speciality, 2024G.",Unknown / National / Other,13,14,13,,0,,Unknown / National / Other,CANDIDATE_ONLY,YES
FY-013,2021,statistical-yearbook-2021-chapter-II-health-resources.xlsx,2.28,Health Resources,Workforce,"Health Manpower in the Other Governmental Sector by Nationality, in the last Five Years",Unknown / National / Other,78,19,12,13,0,,Unknown / National / Other,CANDIDATE_ONLY,YES
FY-013,2022,2022-Chapter-II-Health-Resources.xlsx,2.28,Health Resources,Workforce,"Health Manpower in the Other Governmental Sector by Nationality, in the last Five Years",Unknown / National / Other,78,20,12,13,0,,Unknown / National / Other,CANDIDATE_ONLY,YES
FY-013,2023,Statistical-Yearbook-2023.xlsx,33,Unknown / Other,Workforce,"Health Manpower in the Other Governmental Sector by Nationality, in the last Five Years",Unknown / National / Other,78,19,12,13,0,,Unknown / National / Other,CANDIDATE_ONLY,YES
FY-013,2024,Statistical-Yearbook-2024.xlsx,2-38,Health Resources,Workforce,"Health Manpower in the Other Governmental Sector by Nationality, in the last Five Years",Unknown / National / Other,78,19,12,13,0,,Unknown / National / Other,CANDIDATE_ONLY,YES
FY-014,2021,statistical-yearbook-2021-chapter-II-health-resources.xlsx,2-33,Health Resources,Workforce,Health Manpower at Private Sector in the last Five Years,Unknown / National / Other,78,16,12,13,0,,Unknown / National / Other,CANDIDATE_ONLY,YES
FY-014,2022,2022-Chapter-II-Health-Resources.xlsx,2-33,Health Resources,Workforce,Health Manpower at Private Sector in the last Five Years,Unknown / National / Other,78,16,12,13,0,,Unknown / National / Other,CANDIDATE_ONLY,YES
FY-014,2023,Statistical-Yearbook-2023.xlsx,38,Unknown / Other,Workforce,Health Manpower at Private Sector in the last Five Years,Unknown / National / Other,78,16,12,13,0,,Unknown / National / Other,CANDIDATE_ONLY,YES
FY-014,2024,Statistical-Yearbook-2024.xlsx,2-39,Health Resources,Workforce,Health Manpower at Private Sector in the last Five Years,Unknown / National / Other,78,19,12,13,0,,Unknown / National / Other,CANDIDATE_ONLY,YES
FY-015,2021,statistical-yearbook-2021-chapter-IV-health-activities.xlsx,40,Health Activities,Workforce,Table 4-40,Unknown / National / Other,33,30,7,8,0,,Unknown / National / Other,CANDIDATE_ONLY,YES
FY-015,2022,2022-Chapter-II-Health-Resources.xlsx,2.40,Health Resources,Workforce,Table 2-40,Unknown / National / Other,19,3,4,6,0,,Unknown / National / Other,CANDIDATE_ONLY,YES
FY-015,2022,2022-Chapter-IV-Health-Activities.xlsx,39,Health Activities,Workforce,Table 4-39,Unknown / National / Other,22,30,7,8,0,2022,Unknown / National / Other,CANDIDATE_ONLY,YES
FY-015,2023,Statistical-Yearbook-2023.xlsx,39.,Unknown / Other,Workforce,Table 4-39,Unknown / National / Other,22,18,7,8,0,,Unknown / National / Other,CANDIDATE_ONLY,YES
FY-015,2024,Statistical-Yearbook-2024.xlsx,4-49,Health Activities,Workforce,Table 4-49,Unknown / National / Other,22,17,7,8,0,2024,Unknown / National / Other,CANDIDATE_ONLY,YES
FY-016,2021,statistical-yearbook-2021-chapter-II-health-resources.xlsx,2.43,Health Resources,Capacity,Prince Mohammad Bin Abdulaziz Hospital,Health Region,70,32,4,5,7,2021,Health Region | Unknown / National / Other,CANDIDATE_ONLY,YES
FY-016,2022,2022-Chapter-II-Health-Resources.xlsx,2.43,Health Resources,Capacity,Prince Mohammad Bin Abdulaziz Hospital,Health Region,107,14,4,5,5,"2021, 2022",Health Region | Unknown / National / Other,CANDIDATE_ONLY,YES
FY-016,2023,Statistical-Yearbook-2023.xlsx,51,Unknown / Other,Capacity,Prince Mohammad Bin Abdulaziz Hospital,Health Region,153,10,4,5,2,"2021, 2022, 2023",Health Region | Unknown / National / Other,CANDIDATE_ONLY,YES
FY-016,2024,Statistical-Yearbook-2024.xlsx,2-58,Health Resources,Capacity,Prince Mohammad Bin Abdulaziz Hospital,Unknown / National / Other,185,6,4,5,3,"2021, 2022, 2023, 2024",Health Region | Unknown / National / Other,CANDIDATE_ONLY,YES
FY-017,2021,statistical-yearbook-2021-chapter-II-health-resources.xlsx,2.44,Health Resources,Capacity,"Armed Forces Hospital in the military factories, Al-Kharj",Health Region,43,32,4,5,23,2021,Health Region | Unknown / National / Other,CANDIDATE_ONLY,YES
FY-017,2022,2022-Chapter-II-Health-Resources.xlsx,2.44,Health Resources,Capacity,"Armed Forces Hospital in the military factories, Al-Kharj",Health Region,45,31,4,5,21,"2021, 2022",Health Region | Unknown / National / Other,CANDIDATE_ONLY,YES
FY-017,2023,Statistical-Yearbook-2023.xlsx,52,Unknown / Other,Capacity,"Armed Forces Hospital in the military factories, Al-Kharj",Health Region,44,31,4,5,22,"2021, 2022, 2023, 2024",Health Region | Unknown / National / Other,CANDIDATE_ONLY,YES
FY-017,2024,Statistical-Yearbook-2024.xlsx,2-59,Health Resources,Capacity,"Armed Forces Hospital in the military factories, Al-Kharj",Unknown / National / Other,42,6,4,5,27,"2021, 2022, 2023, 2024",Health Region | Unknown / National / Other,CANDIDATE_ONLY,YES
FY-018,2021,statistical-yearbook-2021-chapter-IV-health-activities.xlsx,7,Health Activities,Capacity,"First Aid Centers and Ambulances of the Saudi Red Crescent Authority by Administrative Region, 2021G.",Health Region,26,7,6,7,20,,Health Region,CANDIDATE_ONLY,YES
FY-018,2022,2022-Chapter-IV-Health-Activities.xlsx,7,Health Activities,Capacity,"First Aid Centers and Ambulances of the Saudi Red Crescent Authority by Administrative Region, 2022G.",Health Region,26,7,6,7,20,,Health Region,CANDIDATE_ONLY,YES
FY-018,2023,Statistical-Yearbook-2023.xlsx,7..,Unknown / Other,Capacity,"First Aid Centers and Ambulances of the Saudi Red Crescent Authority by Administrative Region, 2023G.",Health Region,26,7,6,7,21,,Health Region,CANDIDATE_ONLY,YES
FY-018,2024,Statistical-Yearbook-2024.xlsx,4-8,Health Activities,Capacity,"First Aid Centers and Ambulances of the Saudi Red Crescent Authority by Administrative Region, 2024G.",Health Region,26,7,6,7,26,,Health Region,CANDIDATE_ONLY,YES
FY-019,2021,statistical-yearbook-2021-chapter-IV-health-activities.xlsx,9,Health Activities,Other,Cases Offered First Aid and Transported by Ambulances of Saudi Red Crescent Authority by Administrative Region in the last Five Years,Health Region,32,12,5,6,20,,Health Region,CANDIDATE_ONLY,YES
FY-019,2022,2022-Chapter-IV-Health-Activities.xlsx,9,Health Activities,Other,Cases Offered First Aid and Transported by Ambulances of Saudi Red Crescent Authority by Administrative Region in the last Five Years,Health Region,32,12,5,6,20,,Health Region,CANDIDATE_ONLY,YES
FY-019,2023,Statistical-Yearbook-2023.xlsx,9..,Unknown / Other,Other,Cases Offered First Aid and Transported by Ambulances of Saudi Red Crescent Authority by Administrative Region in the last Five Years,Health Region,32,14,5,6,21,,Health Region,CANDIDATE_ONLY,YES
FY-019,2024,Statistical-Yearbook-2024.xlsx,4-10,Health Activities,Other,Cases Offered First Aid and Transported by Ambulances of Saudi Red Crescent Authority by Administrative Region in the last Five Years,Health Region,21,15,5,6,25,,Health Region,CANDIDATE_ONLY,YES
FY-020,2021,statistical-yearbook-2021-chapter-IV-health-activities.xlsx,12,Health Activities,Population | Activity,زيارات المراجعين للقطاعات الصحية بالمملكة ومتوسط عدد الزيارات لكل فرد من السكان في الأعوام الخمسة الأخيرة,Unknown / National / Other,20,9,5,6,0,,Unknown / National / Other,CANDIDATE_ONLY,YES
FY-020,2022,2022-Chapter-IV-Health-Activities.xlsx,12,Health Activities,Population | Activity,زيارات المراجعين للقطاعات الصحية بالمملكة ومتوسط عدد الزيارات لكل فرد من السكان في الأعوام الخمسة الأخيرة,Unknown / National / Other,25,9,9,10,0,,Unknown / National / Other,CANDIDATE_ONLY,YES
FY-020,2023,Statistical-Yearbook-2023.xlsx,12..,Unknown / Other,Population | Activity,زيارات المراجعين للقطاعات الصحية بالمملكة ومتوسط عدد الزيارات لكل فرد من السكان في الأعوام الخمسة الأخيرة,Unknown / National / Other,25,9,9,10,0,,Unknown / National / Other,CANDIDATE_ONLY,YES
FY-020,2024,Statistical-Yearbook-2024.xlsx,4-15,Health Activities,Population | Activity,زيارات المراجعين للقطاعات الصحية بالمملكة ومتوسط عدد الزيارات لكل فرد من السكان في الأعوام الخمسة الأخيرة,Unknown / National / Other,25,9,9,10,0,,Unknown / National / Other,CANDIDATE_ONLY,YES
FY-021,2021,statistical-yearbook-2021-chapter-IV-health-activities.xlsx,15,Health Activities,Activity,"Outpatients and Inpatients in Mental Health Departments, MOH, According to Main Disease Groups of ICD-10, 2021G.",Unknown / National / Other,20,10,5,6,0,,Unknown / National / Other,CANDIDATE_ONLY,YES
FY-021,2022,2022-Chapter-IV-Health-Activities.xlsx,15,Health Activities,Activity,"Outpatients and Inpatients in Mental Health Departments, MOH, According to Main Disease Groups of ICD-10, 2022G.",Unknown / National / Other,20,10,5,6,0,,Unknown / National / Other,CANDIDATE_ONLY,YES
FY-021,2023,Statistical-Yearbook-2023.xlsx,15..,Unknown / Other,Activity,"Outpatients and Inpatients in Mental Health Departments, MOH, According to Main Disease Groups of ICD-10, 2023G.",Unknown / National / Other,20,10,5,6,0,,Unknown / National / Other,CANDIDATE_ONLY,YES
FY-021,2024,Statistical-Yearbook-2024.xlsx,4-18,Health Activities,Activity,"Outpatients and Inpatients in Mental Health Departments, MOH, According to Main Disease Groups of ICD-10, 2024G.",Unknown / National / Other,28,13,5,6,0,,Unknown / National / Other,CANDIDATE_ONLY,YES
FY-022,2021,statistical-yearbook-2021-chapter-IV-health-activities.xlsx,25,Health Activities,Capacity | Activity,"Inpatients in Other Governmental Sector Hospitals by Nationality, 2021G",Unknown / National / Other,52,14,15,17,7,,Unknown / National / Other,CANDIDATE_ONLY,YES
FY-022,2022,2022-Chapter-IV-Health-Activities.xlsx,24,Health Activities,Capacity | Activity,"Inpatients in Other Governmental Sector Hospitals by Nationality, 2022G",Unknown / National / Other,62,14,15,16,0,,Unknown / National / Other,CANDIDATE_ONLY,YES
FY-022,2023,Statistical-Yearbook-2023.xlsx,24.,Unknown / Other,Capacity | Activity,"Inpatients in Other Governmental Sector Hospitals by Nationality, 2023G",Unknown / National / Other,54,14,15,16,0,,Unknown / National / Other,CANDIDATE_ONLY,YES
FY-022,2024,Statistical-Yearbook-2024.xlsx,4-27,Health Activities,Capacity | Activity,"Inpatients in Other Governmental Sector Hospitals by Nationality, 2024G",Unknown / National / Other,54,14,15,16,4,,Unknown / National / Other,CANDIDATE_ONLY,YES
FY-023,2021,statistical-yearbook-2021-chapter-IV-health-activities.xlsx,26,Health Activities,Capacity | Activity,"Inpatients in Health Sectors Hospitals, KSA in the last Five Years",Unknown / National / Other,20,9,5,6,0,,Unknown / National / Other,CANDIDATE_ONLY,YES
FY-023,2022,2022-Chapter-IV-Health-Activities.xlsx,25,Health Activities,Capacity | Activity,"Inpatients in Health Sectors Hospitals, KSA in the last Five Years",Unknown / National / Other,20,9,9,10,0,,Unknown / National / Other,CANDIDATE_ONLY,YES
FY-023,2023,Statistical-Yearbook-2023.xlsx,25.,Unknown / Other,Capacity | Activity,"Inpatients in Health Sectors Hospitals, KSA in the last Five Years",Unknown / National / Other,20,9,9,10,0,,Unknown / National / Other,CANDIDATE_ONLY,YES
FY-023,2024,Statistical-Yearbook-2024.xlsx,4-31,Health Activities,Capacity | Activity,"Inpatients in Health Sectors Hospitals, KSA in the last Five Years",Unknown / National / Other,19,9,9,10,0,,Unknown / National / Other,CANDIDATE_ONLY,YES
FY-024,2021,statistical-yearbook-2021-chapter-IV-health-activities.xlsx,31,Health Activities,Capacity | Activity,"Surgical Interventions at Other Governmental Sector Hospitals by Section, 2021G",Unknown / National / Other,122,59,7,8,5,,Unknown / National / Other,CANDIDATE_ONLY,YES
FY-024,2022,2022-Chapter-IV-Health-Activities.xlsx,30,Health Activities,Capacity | Activity,"Surgical Interventions at Other Governmental Sector Hospitals by Section, 2022G",Unknown / National / Other,130,59,7,8,6,,Unknown / National / Other,CANDIDATE_ONLY,YES
FY-024,2023,Statistical-Yearbook-2023.xlsx,30.,Unknown / Other,Capacity | Activity,"Surgical Interventions at Other Governmental Sector Hospitals by Section, 2023G",Unknown / National / Other,110,59,7,8,0,,Unknown / National / Other,CANDIDATE_ONLY,YES
FY-024,2024,Statistical-Yearbook-2024.xlsx,4-37,Health Activities,Capacity | Activity,"Surgical Interventions at Other Governmental Sector Hospitals by Section, 2024G",Unknown / National / Other,47,59,7,8,0,,Unknown / National / Other,CANDIDATE_ONLY,YES
FY-025,2021,statistical-yearbook-2021-chapter-IV-health-activities.xlsx,32,Health Activities,Capacity | Activity,"Main Activities and Services at King Khaled Eye Specialist Hospital, in the last Five Years",Unknown / National / Other,24,14,14,15,1,,Unknown / National / Other,CANDIDATE_ONLY,YES
FY-025,2022,2022-Chapter-IV-Health-Activities.xlsx,31,Health Activities,Capacity | Activity,"Main Activities and Services at King Khaled Eye Specialist Hospital, in the last Five Years",Unknown / National / Other,24,9,14,15,1,,Unknown / National / Other,CANDIDATE_ONLY,YES
FY-025,2023,Statistical-Yearbook-2023.xlsx,31.,Unknown / Other,Capacity | Activity,"Main Activities and Services at King Khaled Eye Specialist Hospital, in the last Five Years",Unknown / National / Other,24,12,4,5,1,,Unknown / National / Other,CANDIDATE_ONLY,YES
FY-025,2024,Statistical-Yearbook-2024.xlsx,4-39,Health Activities,Capacity | Activity,"Main Activities and Services at King Khaled Eye Specialist Hospital, in the last Five Years",Unknown / National / Other,27,12,4,5,1,,Unknown / National / Other,CANDIDATE_ONLY,YES
FY-026,2021,statistical-yearbook-2021-chapter-IV-health-activities.xlsx,34,Health Activities,Capacity,"Cases of Tumours among Children Referred to King Faisal Specialist Hospital by Site, 2021G.",Unknown / National / Other,21,10,5,6,2,,Unknown / National / Other,CANDIDATE_ONLY,YES
FY-026,2022,2022-Chapter-IV-Health-Activities.xlsx,33,Health Activities,Capacity,"Cases of Tumours among Children Referred to King Faisal Specialist Hospital by Site, 2022G.",Unknown / National / Other,21,9,5,6,2,,Unknown / National / Other,CANDIDATE_ONLY,YES
FY-026,2023,Statistical-Yearbook-2023.xlsx,33.,Unknown / Other,Capacity,"Cases of Tumours among Children Referred to King Faisal Specialist Hospital by Site, 2023G.",Unknown / National / Other,21,8,5,6,2,,Unknown / National / Other,CANDIDATE_ONLY,YES
FY-026,2024,Statistical-Yearbook-2024.xlsx,4-41,Health Activities,Capacity,"Cases of Tumours among Children Referred to King Faisal Specialist Hospital by Site, 2024G.",Unknown / National / Other,21,8,5,6,2,,Unknown / National / Other,CANDIDATE_ONLY,YES
FY-027,2021,statistical-yearbook-2021-chapter-IV-health-activities.xlsx,35,Health Activities,Other,"Renal Dialysis Centers and Patients by Health Sectors, 2021G.",Unknown / National / Other,14,6,4,5,0,,Unknown / National / Other,CANDIDATE_ONLY,YES
FY-027,2022,2022-Chapter-IV-Health-Activities.xlsx,34,Health Activities,Other,"Renal Dialysis Centers and Patients by Health Sectors, 2021G.",Unknown / National / Other,14,6,4,5,0,,Unknown / National / Other,CANDIDATE_ONLY,YES
FY-027,2023,Statistical-Yearbook-2023.xlsx,34.,Unknown / Other,Other,"Renal Dialysis Centers and Patients by Health Sectors, 2021G.",Unknown / National / Other,14,6,4,5,0,,Unknown / National / Other,CANDIDATE_ONLY,YES
FY-027,2024,Statistical-Yearbook-2024.xlsx,4-42,Health Activities,Other,"Renal Dialysis Centers and Patients by Health Sectors, 2024G.",Unknown / National / Other,14,6,4,5,0,2024,Unknown / National / Other,CANDIDATE_ONLY,YES
FY-028,2021,statistical-yearbook-2021-chapter-IV-health-activities.xlsx,44,Health Activities,Activity,"Laboratory Investigations and Number of Radiology & Physiotherapy patients at MoH Facilities, in the last Five Years",Unknown / National / Other,20,12,4,5,0,,Unknown / National / Other,CANDIDATE_ONLY,YES
FY-028,2022,2022-Chapter-IV-Health-Activities.xlsx,42,Health Activities,Activity,"Laboratory Investigations and Number of Radiology & Physiotherapy patients at MoH Facilities, in the last Five Years",Unknown / National / Other,20,12,4,5,0,,Unknown / National / Other,CANDIDATE_ONLY,YES
FY-028,2023,Statistical-Yearbook-2023.xlsx,43.,Unknown / Other,Activity,"Laboratory Investigations and Number of Radiology & Physiotherapy patients at MoH Facilities, in the last Five Years",Unknown / National / Other,20,14,4,5,0,,Unknown / National / Other,CANDIDATE_ONLY,YES
FY-028,2024,Statistical-Yearbook-2024.xlsx,4-55,Health Activities,Activity,"Laboratory Investigations and Number of Radiology & Physiotherapy patients at MoH Facilities, in the last Five Years",Unknown / National / Other,13,15,4,5,0,,Unknown / National / Other,CANDIDATE_ONLY,YES
FY-029,2021,statistical-yearbook-2021-chapter-IV-health-activities.xlsx,47,Health Activities,Activity,أنشطة بنوك الدم بوزارة الصحة حسب المنطقة الصحية عام 2021م.,Health Region,31,8,4,5,18,,Health Region,CANDIDATE_ONLY,YES
FY-029,2022,2022-Chapter-IV-Health-Activities.xlsx,45,Health Activities,Activity,أنشطة بنوك الدم بوزارة الصحة حسب المنطقة الصحية عام 2022م.,Health Region,31,37,4,5,18,,Health Region,CANDIDATE_ONLY,YES
FY-029,2023,Statistical-Yearbook-2023.xlsx,46.,Unknown / Other,Activity,أنشطة بنوك الدم بوزارة الصحة حسب المنطقة الصحية عام 2023م.,Health Region,31,5,4,5,19,,Health Region,CANDIDATE_ONLY,YES
FY-029,2024,Statistical-Yearbook-2024.xlsx,4-59,Health Activities,Activity,أنشطة بنوك الدم بوزارة الصحة حسب المنطقة الصحية عام 2024م.,Health Region,31,7,4,5,23,,Health Region,CANDIDATE_ONLY,YES
FY-030,2021,statistical-yearbook-2021-chapter-IV-health-activities.xlsx,48,Health Activities,Activity,Table 4-48,Unknown / National / Other,9,23,4,5,0,,Health Region | Unknown / National / Other,CANDIDATE_ONLY,YES
FY-030,2021,statistical-yearbook-2021-chapter-IV-health-activities.xlsx,54,Health Activities,Activity,Table 4-54,Unknown / National / Other,26,30,4,5,0,,Health Region | Unknown / National / Other,CANDIDATE_ONLY,YES
FY-030,2022,2022-Chapter-IV-Health-Activities.xlsx,46,Health Activities,Activity,Table 4-46,Unknown / National / Other,18,23,4,5,0,,Health Region | Unknown / National / Other,CANDIDATE_ONLY,YES
FY-030,2022,2022-Chapter-IV-Health-Activities.xlsx,52,Health Activities,Activity,Table 4-52,Unknown / National / Other,26,21,4,5,0,,Health Region | Unknown / National / Other,CANDIDATE_ONLY,YES
FY-030,2023,Statistical-Yearbook-2023.xlsx,47.,Unknown / Other,Activity,Table 4-47,Unknown / National / Other,18,25,4,5,0,,Health Region | Unknown / National / Other,CANDIDATE_ONLY,YES
FY-030,2023,Statistical-Yearbook-2023.xlsx,53.,Unknown / Other,Activity,Table 4-53,Unknown / National / Other,26,12,4,5,0,,Health Region | Unknown / National / Other,CANDIDATE_ONLY,YES
FY-030,2023,Statistical-Yearbook-2023.xlsx,5-12,Unknown / Other,Activity,Table 5-12,Health Region,32,16,9,10,4,,Health Region | Unknown / National / Other,CANDIDATE_ONLY,YES
FY-030,2024,Statistical-Yearbook-2024.xlsx,4-60,Health Activities,Activity,Table 4-60,Unknown / National / Other,18,26,4,5,0,,Health Region | Unknown / National / Other,CANDIDATE_ONLY,YES
FY-030,2024,Statistical-Yearbook-2024.xlsx,4-64,Health Activities,Activity,Table 4-64,Unknown / National / Other,27,10,4,5,0,,Health Region | Unknown / National / Other,CANDIDATE_ONLY,YES
FY-030,2024,Statistical-Yearbook-2024.xlsx,5-12,Unknown / Other,Activity,Table 5-12,Health Region,32,7,9,10,4,,Health Region | Unknown / National / Other,CANDIDATE_ONLY,YES
FY-031,2021,statistical-yearbook-2021-chapter-IV-health-activities.xlsx,49,Health Activities,Capacity | Activity,King Faisal Specialist Hospital,Unknown / National / Other,50,12,13,17,6,,Unknown / National / Other,CANDIDATE_ONLY,YES
FY-031,2022,2022-Chapter-IV-Health-Activities.xlsx,47,Health Activities,Capacity | Activity,King Faisal Specialist Hospital,Unknown / National / Other,48,12,13,,0,,Unknown / National / Other,CANDIDATE_ONLY,YES
FY-031,2023,Statistical-Yearbook-2023.xlsx,48.,Unknown / Other,Capacity | Activity,King Faisal Specialist Hospital,Unknown / National / Other,48,12,13,,0,,Unknown / National / Other,CANDIDATE_ONLY,YES
FY-031,2024,Statistical-Yearbook-2024.xlsx,4-61,Health Activities,Capacity | Activity,King Faisal Specialist Hospital,Unknown / National / Other,47,12,12,,0,,Unknown / National / Other,CANDIDATE_ONLY,YES
FY-032,2021,statistical-yearbook-2021-chapter-IV-health-activities.xlsx,fig1,Health Activities,Activity,العيادات الخارجية – متوسط وقت الانتظار للموعد (بالايام),Unknown / National / Other,48,25,9,10,0,2021,Unknown / National / Other,CANDIDATE_ONLY,YES
FY-032,2022,2022-Chapter-IV-Health-Activities.xlsx,fig1,Health Activities,Activity,العيادات الخارجية – متوسط وقت الانتظار للموعد (بالايام),Unknown / National / Other,45,26,15,16,0,2022,Unknown / National / Other,CANDIDATE_ONLY,YES
FY-032,2023,Statistical-Yearbook-2023.xlsx,fig1,Unknown / Other,Activity,العيادات الخارجية – متوسط وقت الانتظار للموعد (بالايام),Unknown / National / Other,45,26,15,16,0,2022,Unknown / National / Other,CANDIDATE_ONLY,YES
FY-032,2024,Statistical-Yearbook-2024.xlsx,fig1,Unknown / Other,Activity,العيادات الخارجية – متوسط وقت الانتظار للموعد (بالايام),Unknown / National / Other,53,22,2,39,0,,Unknown / National / Other,CANDIDATE_ONLY,YES
FY-033,2021,statistical-yearbook-2021-chapter-IV-health-activities.xlsx,fig2,Health Activities,Activity,قسم الطوارئ – نسبة المرضى الذين انهيت اجراءاتهم خلال 4 ساعات,Unknown / National / Other,41,26,8,9,0,2021,Unknown / National / Other,CANDIDATE_ONLY,YES
FY-033,2022,2022-Chapter-IV-Health-Activities.xlsx,fig2,Health Activities,Activity,قسم الطوارئ – نسبة المرضى الذين انهيت اجراءاتهم خلال 4 ساعات,Unknown / National / Other,42,26,8,9,0,2022,Unknown / National / Other,CANDIDATE_ONLY,YES
FY-033,2023,Statistical-Yearbook-2023.xlsx,fig2,Unknown / Other,Activity,قسم الطوارئ – نسبة المرضى الذين انهيت اجراءاتهم خلال 4 ساعات,Unknown / National / Other,42,26,8,9,0,2022,Unknown / National / Other,CANDIDATE_ONLY,YES
FY-033,2024,Statistical-Yearbook-2024.xlsx,fig2,Unknown / Other,Activity,قسم الطوارئ – نسبة المرضى الذين انهيت اجراءاتهم خلال 4 ساعات,Unknown / National / Other,44,10,2,36,0,,Unknown / National / Other,CANDIDATE_ONLY,YES
FY-034,2021,statistical-yearbook-2021-chapter-IV-health-activities.xlsx,fig3,Health Activities,Capacity,متوسط مدة الإقامة للمرضى داخل المستشفى (بالأيام),Unknown / National / Other,45,26,7,8,0,2021,Unknown / National / Other,CANDIDATE_ONLY,YES
FY-034,2022,2022-Chapter-IV-Health-Activities.xlsx,fig3,Health Activities,Capacity,متوسط مدة الإقامة للمرضى داخل المستشفى (بالأيام),Unknown / National / Other,46,27,7,8,0,2022,Unknown / National / Other,CANDIDATE_ONLY,YES
FY-034,2023,Statistical-Yearbook-2023.xlsx,fig3,Unknown / Other,Capacity,متوسط مدة الإقامة للمرضى داخل المستشفى (بالأيام),Unknown / National / Other,46,27,7,8,0,2022,Unknown / National / Other,CANDIDATE_ONLY,YES
FY-034,2024,Statistical-Yearbook-2024.xlsx,fig3,Unknown / Other,Capacity,متوسط مدة الإقامة للمرضى داخل المستشفى (بالأيام),Unknown / National / Other,47,7,2,40,0,,Unknown / National / Other,CANDIDATE_ONLY,YES
FY-035,2021,statistical-yearbook-2021-chapter-IV-health-activities.xlsx,fig4,Health Activities,Other,Critical Care Average Length of Stay (in days),Unknown / National / Other,42,26,5,6,0,2021,Unknown / National / Other,CANDIDATE_ONLY,YES
FY-035,2022,2022-Chapter-IV-Health-Activities.xlsx,fig4,Health Activities,Other,Critical Care Average Length of Stay (in days),Unknown / National / Other,44,26,5,6,0,2022,Unknown / National / Other,CANDIDATE_ONLY,YES
FY-035,2023,Statistical-Yearbook-2023.xlsx,fig4,Unknown / Other,Other,Critical Care Average Length of Stay (in days),Unknown / National / Other,44,26,5,6,0,2022,Unknown / National / Other,CANDIDATE_ONLY,YES
FY-035,2024,Statistical-Yearbook-2024.xlsx,fig4,Unknown / Other,Other,Critical Care Average Length of Stay (in days),Unknown / National / Other,44,8,2,37,0,,Unknown / National / Other,CANDIDATE_ONLY,YES
FY-036,2021,statistical-yearbook-2021-chapter-IV-health-activities.xlsx,fig5,Health Activities,Activity,غرفة العمليات – متوسط وقت انتظار الجراحة (بالأيام),Unknown / National / Other,46,26,6,7,0,2021,Unknown / National / Other,CANDIDATE_ONLY,YES
FY-036,2022,2022-Chapter-IV-Health-Activities.xlsx,fig5,Health Activities,Activity,غرفة العمليات – متوسط وقت انتظار الجراحة (بالأيام),Unknown / National / Other,48,26,6,7,0,2022,Unknown / National / Other,CANDIDATE_ONLY,YES
FY-036,2023,Statistical-Yearbook-2023.xlsx,fig5,Unknown / Other,Activity,غرفة العمليات – متوسط وقت انتظار الجراحة (بالأيام),Unknown / National / Other,48,26,6,7,0,2022,Unknown / National / Other,CANDIDATE_ONLY,YES
FY-036,2024,Statistical-Yearbook-2024.xlsx,fig5,Unknown / Other,Activity,غرفة العمليات – متوسط وقت انتظار الجراحة (بالأيام),Unknown / National / Other,49,17,2,,0,,Unknown / National / Other,CANDIDATE_ONLY,YES
FY-037,2021,statistical-yearbook-2021-chapter-IV-health-activities.xlsx,fig6,Health Activities,Other,Radiology Machines Utilization Rate (%),Unknown / National / Other,44,26,7,8,0,2021,Unknown / National / Other,CANDIDATE_ONLY,YES
FY-037,2022,2022-Chapter-IV-Health-Activities.xlsx,fig6,Health Activities,Other,Radiology Machines Utilization Rate (%),Unknown / National / Other,45,29,8,9,0,2022,Unknown / National / Other,CANDIDATE_ONLY,YES
FY-037,2023,Statistical-Yearbook-2023.xlsx,fig6,Unknown / Other,Other,Radiology Machines Utilization Rate (%),Unknown / National / Other,45,29,8,9,0,2022,Unknown / National / Other,CANDIDATE_ONLY,YES
FY-037,2024,Statistical-Yearbook-2024.xlsx,fig6,Unknown / Other,Other,Radiology Machines Utilization Rate (%),Unknown / National / Other,47,26,2,39,0,,Unknown / National / Other,CANDIDATE_ONLY,YES
FY-038,2021,statistical-yearbook-2021-chapter-IV-health-activities.xlsx,fig7,Health Activities,Other,الفترة الزمنية بين طلب وإجراء أشعة الرنين المغناطيسي والتصوير المقطعي (بالساعات),Unknown / National / Other,54,26,15,,0,2021,Unknown / National / Other,CANDIDATE_ONLY,YES
FY-038,2022,2022-Chapter-IV-Health-Activities.xlsx,fig7,Health Activities,Other,الفترة الزمنية بين طلب وإجراء أشعة الرنين المغناطيسي والتصوير المقطعي (بالساعات),Unknown / National / Other,54,26,8,,0,2022,Unknown / National / Other,CANDIDATE_ONLY,YES
FY-038,2023,Statistical-Yearbook-2023.xlsx,fig7,Unknown / Other,Other,الفترة الزمنية بين طلب وإجراء أشعة الرنين المغناطيسي والتصوير المقطعي (بالساعات),Unknown / National / Other,54,26,8,,0,2022,Unknown / National / Other,CANDIDATE_ONLY,YES
FY-038,2024,Statistical-Yearbook-2024.xlsx,fig7,Unknown / Other,Other,الفترة الزمنية بين طلب وإجراء أشعة الرنين المغناطيسي والتصوير المقطعي (بالساعات),Unknown / National / Other,56,20,2,,0,,Unknown / National / Other,CANDIDATE_ONLY,YES
