source_value,occurrence_count,original_candidate_level,proposed_geography_type,canonical_health_region,canonical_health_cluster,parent_health_region,valid_from_year,valid_to_year,mapping_status,mapping_note
Madinah Health Cluster,30,Health Cluster,HEALTH_CLUSTER,,,,,,REVIEW,
Qassim Health Cluster,30,Health Cluster,HEALTH_CLUSTER,,,,,,REVIEW,
تجمع الرياض الصحي الأول,30,Health Cluster,HEALTH_CLUSTER,,,,,,REVIEW,
تجمع الرياض الصحي الثالث,30,Health Cluster,HEALTH_CLUSTER,,,,,,REVIEW,
تجمع الرياض الصحي الثاني,30,Health Cluster,HEALTH_CLUSTER,,,,,,REVIEW,
تجمع الطائف الصحي,30,Health Cluster,HEALTH_CLUSTER,,,,,,REVIEW,
تجمع القصيم الصحي,30,Health Cluster,HEALTH_CLUSTER,,,,,,REVIEW,
تجمع المدينة المنورة الصحي,30,Health Cluster,HEALTH_CLUSTER,,,,,,REVIEW,
تجمع جدة الصحي الأول,30,Health Cluster,HEALTH_CLUSTER,,,,,,REVIEW,
تجمع جدة الصحي الثاني,30,Health Cluster,HEALTH_CLUSTER,,,,,,REVIEW,
Jeddah First Health Cluster,29,Health Cluster,HEALTH_CLUSTER,,,,,,REVIEW,
Jeddah Second Health Cluster,29,Health Cluster,HEALTH_CLUSTER,,,,,,REVIEW,
Riyadh First Health Cluster,29,Health Cluster,HEALTH_CLUSTER,,,,,,REVIEW,
Riyadh Second Health Cluster,29,Health Cluster,HEALTH_CLUSTER,,,,,,REVIEW,
Riyadh Third Health Cluster,29,Health Cluster,HEALTH_CLUSTER,,,,,,REVIEW,
Taif Health Cluster,29,Health Cluster,HEALTH_CLUSTER,,,,,,REVIEW,
تجمع الشرقية الصحي,28,Health Cluster,HEALTH_CLUSTER,,,,,,REVIEW,
Eastern Health Cluster,27,Health Cluster,HEALTH_CLUSTER,,,,,,REVIEW,
تجمع الأحساء الصحي,26,Health Cluster,HEALTH_CLUSTER,,,,,,REVIEW,
Al Ahsa Health Cluster,25,Health Cluster,HEALTH_CLUSTER,,,,,,REVIEW,
التجمعات الصحية,22,Health Cluster,HEALTH_CLUSTER,,,,,,REVIEW,
Health Clusters,19,Health Cluster,HEALTH_CLUSTER,,,,,,REVIEW,
تجمع حفر الباطن الصحي,19,Health Cluster,HEALTH_CLUSTER,,,,,,REVIEW,
تجمع مكة المكرمة الصحي,19,Health Cluster,HEALTH_CLUSTER,,,,,,REVIEW,
Hafr Al Batin Health Cluster,18,Health Cluster,HEALTH_CLUSTER,,,,,,REVIEW,
Makkah Health Cluster,18,Health Cluster,HEALTH_CLUSTER,,,,,,REVIEW,
تجمع عسير الصحي,18,Health Cluster,HEALTH_CLUSTER,,,,,,REVIEW,
Asir Health Cluster,17,Health Cluster,HEALTH_CLUSTER,,,,,,REVIEW,
تجمع تبوك الصحي,17,Health Cluster,HEALTH_CLUSTER,,,,,,REVIEW,
Tabuk Health Cluster,16,Health Cluster,HEALTH_CLUSTER,,,,,,REVIEW,
Total Health Clusters - Jeddah,14,Health Cluster,HEALTH_CLUSTER,,,,,,REVIEW,
Total Health Clusters - Riyadh,14,Health Cluster,HEALTH_CLUSTER,,,,,,REVIEW,
إجمالي التجمعات الصحية بالرياض,14,Health Cluster,HEALTH_CLUSTER,,,,,,REVIEW,
إجمالي التجمعات الصحية بجدة,14,Health Cluster,HEALTH_CLUSTER,,,,,,REVIEW,
تجمع حائل الصحي,14,Health Cluster,HEALTH_CLUSTER,,,,,,REVIEW,
Hail Health Cluster,13,Health Cluster,HEALTH_CLUSTER,,,,,,REVIEW,
Total Makkah Health Cluster,12,Health Cluster,HEALTH_CLUSTER,,,,,,REVIEW,
Makkah Health Cluster - Qunfudah,11,Health Cluster,HEALTH_CLUSTER,,,,,,REVIEW,
إجمالي تجمع مكة المكرمة الصحي,11,Health Cluster,HEALTH_CLUSTER,,,,,,REVIEW,
Makkah Health Cluster-The Holy Capital,10,Health Cluster,HEALTH_CLUSTER,,,,,,REVIEW,
تجمع مكة المكرمة الصحي - العاصمة المقدسة,10,Health Cluster,HEALTH_CLUSTER,,,,,,REVIEW,
تجمع مكة المكرمة الصحي - القنفذة,10,Health Cluster,HEALTH_CLUSTER,,,,,,REVIEW,
Health Cluster,9,Health Cluster,HEALTH_CLUSTER,,,,,,REVIEW,
Riyadh Cluster I,5,Health Cluster,HEALTH_CLUSTER,,,,,,REVIEW,
Riyadh Cluster II,5,Health Cluster,HEALTH_CLUSTER,,,,,,REVIEW,
Riyadh Cluster III,5,Health Cluster,HEALTH_CLUSTER,,,,,,REVIEW,
التجمع الصحي,5,Health Cluster,HEALTH_CLUSTER,,,,,,REVIEW,
التجمع الأول بالرياض,4,Health Cluster,HEALTH_CLUSTER,,,,,,REVIEW,
التجمع الثالث بالرياض,4,Health Cluster,HEALTH_CLUSTER,,,,,,REVIEW,
التجمع الثاني بالرياض,4,Health Cluster,HEALTH_CLUSTER,,,,,,REVIEW,
"Beds at MoH Hospitals By Health Cluster and Speciality, 2024G.",2,Health Cluster,HEALTH_CLUSTER,,,,,,REVIEW,
"Encounters to Outpatient Clinics in MoH Hospitals by Gender, Nationality and Health Clusters, 2024G.",2,Health Cluster,HEALTH_CLUSTER,,,,,,REVIEW,
"Health Utilities in MoH by Health Clusters, 2024G",2,Health Cluster,HEALTH_CLUSTER,,,,,,REVIEW,
"Medical Emergency Encounters in MoH Hospitals by Health Clusters, Gender and Nationality, 2024G.",2,Health Cluster,HEALTH_CLUSTER,,,,,,REVIEW,
"MoH Hospitals and Beds by Health Clusters and Speciality, 2024G",2,Health Cluster,HEALTH_CLUSTER,,,,,,REVIEW,
"MoH Hospitals by Health Clusters and Bed Capacity, 2024G",2,Health Cluster,HEALTH_CLUSTER,,,,,,REVIEW,
"MoH PHC Encounters and Consultations by Health Clusters and Age Groups, 2024G.",2,Health Cluster,HEALTH_CLUSTER,,,,,,REVIEW,
"MoH PHC Encounters and Consultations by Health Clusters, Gender and Nationality, 2024G.",2,Health Cluster,HEALTH_CLUSTER,,,,,,REVIEW,
"PHCs' Encounters and Outpatients of MoH Hospitals by Health Clusters, 2024G.",2,Health Cluster,HEALTH_CLUSTER,,,,,,REVIEW,
"Surgical Emergency Encounters in MoH Hospitals by Health Clusters, Gender and Nationality, 2024G.",2,Health Cluster,HEALTH_CLUSTER,,,,,,REVIEW,
الأسرة بمستشفيات وزارة الصحة حسب التجمع الصحي والتخصص لعام 2024م,2,Health Cluster,HEALTH_CLUSTER,,,,,,REVIEW,
التجمع الاول بجدة,2,Health Cluster,HEALTH_CLUSTER,,,,,,REVIEW,
التجمع الثاني بجدة,2,Health Cluster,HEALTH_CLUSTER,,,,,,REVIEW,
المرافق الصحية بوزارة الصحة حسب التجمعات الصحية عام 2024م,2,Health Cluster,HEALTH_CLUSTER,,,,,,REVIEW,
تجمع الحدود الشمالية الصحي,2,Health Cluster,HEALTH_CLUSTER,,,,,,REVIEW,
زيارات المراجعين لمراكز الرعاية الصحية الأولية والعيادات الخارجية بمستشفيات وزارة الصحة حسب التجمعات الصحية عام 2024م,2,Health Cluster,HEALTH_CLUSTER,,,,,,REVIEW,
زيارات مراجعي الطوارئ الجراحية بمستشفيات وزارة الصحة حسب الجنس والجنسية والتجمعات الصحية عام 2024م.,2,Health Cluster,HEALTH_CLUSTER,,,,,,REVIEW,
زيارات مراجعي الطوارئ المرضية بمستشفيات وزارة الصحة حسب الجنس والجنسية والتجمعات الصحية عام 2024م.,2,Health Cluster,HEALTH_CLUSTER,,,,,,REVIEW,
زيارات مراجعي العيادات الخارجية بمستشفيات وزارة الصحة حسب الجنس والجنسية والتجمعات الصحية عام 2024م.,2,Health Cluster,HEALTH_CLUSTER,,,,,,REVIEW,
زيارات واستشارات الرعاية الصحية الأولية بوزارة الصحة حسب التجمعات الصحية والجنس والجنسية عام 2024م.,2,Health Cluster,HEALTH_CLUSTER,,,,,,REVIEW,
زيارات واستشارات الرعاية الصحية الأولية بوزارة الصحة حسب التجمعات الصحية والفئة العمرية عام 2024م.,2,Health Cluster,HEALTH_CLUSTER,,,,,,REVIEW,
مستشفيات وزارة الصحة حسب التجمعات الصحية والسعة السريرية للعام 2024م,2,Health Cluster,HEALTH_CLUSTER,,,,,,REVIEW,
مستشفيات وزارة الصحة وعدد الأسرة حسب التجمعات الصحية والتخصص لعام 2024م,2,Health Cluster,HEALTH_CLUSTER,,,,,,REVIEW,
"Admissions at MoH Hospitals by Health Clusters, Gender and Nationality, 2024G.",1,Health Cluster,HEALTH_CLUSTER,,,,,,REVIEW,
"Discharges from MoH Hospitals by Health Cluster, Gender and Nationality, 2024G.",1,Health Cluster,HEALTH_CLUSTER,,,,,,REVIEW,
"ER Beds at MoH Hospitals By Health Clusters, 2024G",1,Health Cluster,HEALTH_CLUSTER,,,,,,REVIEW,
"Encounters to Dental Clinics, MoH by Gender, Nationality and Health Cluster, 2024G.",1,Health Cluster,HEALTH_CLUSTER,,,,,,REVIEW,
"Encounters to Diabetic Clinics, MOH Hospitals by Gender, Nationality and Health Cluster, 2024G.",1,Health Cluster,HEALTH_CLUSTER,,,,,,REVIEW,
First Health Cluster - Jeddah,1,Health Cluster,HEALTH_CLUSTER,,,,,,REVIEW,
First Health Cluster - Riyadh,1,Health Cluster,HEALTH_CLUSTER,,,,,,REVIEW,
"Former Health Affairs Directorates and their Corresponding Administrative Regions, Governorates, Health Clusters, and Branches & Offices of the Ministry of Health",1,Health Cluster,HEALTH_CLUSTER,,,,,,REVIEW,
"Inpatients at Long-term Hospitals and Long-term Beds of General Hospitals of MoH by Health Cluster, 2024 G.",1,Health Cluster,HEALTH_CLUSTER,,,,,,REVIEW,
"Intensive Care Beds at MoH Hospitals By Health Cluster and Type of Intensive Care Bed, 2024G",1,Health Cluster,HEALTH_CLUSTER,,,,,,REVIEW,
"Laboratory Investigations at MoH Hospitals by Health Cluster and Type of Investigation, 2024G.",1,Health Cluster,HEALTH_CLUSTER,,,,,,REVIEW,
"Main Dental Services in Dental Centers, MoH by Type of Service and Health Cluster, 2024G.",1,Health Cluster,HEALTH_CLUSTER,,,,,,REVIEW,
Makkah Health Cluster - The Holy Capital,1,Health Cluster,HEALTH_CLUSTER,,,,,,REVIEW,
Northern Borders Health Cluster,1,Health Cluster,HEALTH_CLUSTER,,,,,,REVIEW,
"Number of Completed Virtual Appointments at Ministry of Health Facilities by Health Cluster, 2024G.",1,Health Cluster,HEALTH_CLUSTER,,,,,,REVIEW,
"Oral Surgery and Teeth Extraction at MoH Facilities by Health Cluster, 2024G.",1,Health Cluster,HEALTH_CLUSTER,,,,,,REVIEW,
Second Health Cluster - Jeddah,1,Health Cluster,HEALTH_CLUSTER,,,,,,REVIEW,
Second Health Cluster - Riyadh,1,Health Cluster,HEALTH_CLUSTER,,,,,,REVIEW,
"Selected Indicators of MoH Hospital Services by Health Clusters, 2024G",1,Health Cluster,HEALTH_CLUSTER,,,,,,REVIEW,
"Some Selected Indicators of MoH Psychiatric, Long Term Care and Rehabilitation Hospitals by Health Clusters, 2024G.",1,Health Cluster,HEALTH_CLUSTER,,,,,,REVIEW,
"Surgical Interventions at MoH Hospitals by Health Clusters and Hospital Sections, 2024G.",1,Health Cluster,HEALTH_CLUSTER,,,,,,REVIEW,
Ta`if Health Cluster,1,Health Cluster,HEALTH_CLUSTER,,,,,,REVIEW,
Third Health Cluster - Riyadh,1,Health Cluster,HEALTH_CLUSTER,,,,,,REVIEW,
Total Asir Health Cluster,1,Health Cluster,HEALTH_CLUSTER,,,,,,REVIEW,
cluster 1 riyadh without rehab,1,Health Cluster,HEALTH_CLUSTER,,,,,,REVIEW,
cluster 2 riyadh,1,Health Cluster,HEALTH_CLUSTER,,,,,,REVIEW,
أسرة الطوارئ بمستشفيات وزارة الصحة حسب التجمعات الصحية لعام 2024م,1,Health Cluster,HEALTH_CLUSTER,,,,,,REVIEW,
أسرة العناية المركزة بمستشفيات وزارة الصحة حسب التجمعات الصحية ونوع العناية لعام 2024م,1,Health Cluster,HEALTH_CLUSTER,,,,,,REVIEW,
إجمالي التجمع الصحي بمكة المكرمة,1,Health Cluster,HEALTH_CLUSTER,,,,,,REVIEW,
إجمالي تجمع عسير الصحي,1,Health Cluster,HEALTH_CLUSTER,,,,,,REVIEW,
الإحالات شاملة الإحالات العكسية التي تمت إحالتها إلى المستشفيات الحكومية العامة أو التخصصية حسب التجمع المحيل والمستقبل عام 2024م.,1,Health Cluster,HEALTH_CLUSTER,,,,,,REVIEW,
التجمع الصحي الأول بالرياض,1,Health Cluster,HEALTH_CLUSTER,,,,,,REVIEW,
التجمع الصحي الأول بجدة,1,Health Cluster,HEALTH_CLUSTER,,,,,,REVIEW,
التجمع الصحي الثالث بالرياض,1,Health Cluster,HEALTH_CLUSTER,,,,,,REVIEW,
التجمع الصحي الثاني بالرياض,1,Health Cluster,HEALTH_CLUSTER,,,,,,REVIEW,
التجمع الصحي الثاني بجدة,1,Health Cluster,HEALTH_CLUSTER,,,,,,REVIEW,
التجمع الصحي بالطائف,1,Health Cluster,HEALTH_CLUSTER,,,,,,REVIEW,
التجمع الصحي بالقصيم,1,Health Cluster,HEALTH_CLUSTER,,,,,,REVIEW,
التجمع الصحي بالمدينة المنورة,1,Health Cluster,HEALTH_CLUSTER,,,,,,REVIEW,
التجمع الصحي بمكة المكرمة - العاصمة المقدسة,1,Health Cluster,HEALTH_CLUSTER,,,,,,REVIEW,
التجمع الصحي بمكة المكرمة - القنفذة,1,Health Cluster,HEALTH_CLUSTER,,,,,,REVIEW,
التجمعات الصحي,1,Health Cluster,HEALTH_CLUSTER,,,,,,REVIEW,
التجمعات الصحية المرسلة,1,Health Cluster,HEALTH_CLUSTER,,,,,,REVIEW,
التجمعات الصحية المستقبلة,1,Health Cluster,HEALTH_CLUSTER,,,,,,REVIEW,
التدخلات الجراحية بمستشفيات وزارة الصحة حسب التجمعات الصحية والقسم لعام 2024م.,1,Health Cluster,HEALTH_CLUSTER,,,,,,REVIEW,
الخدمات الرئيسية للأسنان بمراكز طب الأسنان بوزارة الصحة حسب نوع الخدمة والتجمع الصحي عام 2024م.,1,Health Cluster,HEALTH_CLUSTER,,,,,,REVIEW,
العمليات الجراحية للفك والأسنان وحالات الخلع بوزارة الصحة حسب التجمعات الصحية عام 2024م.,1,Health Cluster,HEALTH_CLUSTER,,,,,,REVIEW,
الفحوص المخبرية بمستشفيات وزارة الصحة حسب التجمعات الصحية ونوع الفحص لعام 2024م.,1,Health Cluster,HEALTH_CLUSTER,,,,,,REVIEW,
المؤشرات المختارة عن خدمات مستشفيات وزارة الصحة حسب التجمعات الصحية عام 2024م .,1,Health Cluster,HEALTH_CLUSTER,,,,,,REVIEW,
المرضى المنومون بمستشفيات الرعاية المديدة وأسرة الرعاية المديدة بالمستشفيات العامة بوزارة الصحة حسب التجمعات الصحية عام 2024م.,1,Health Cluster,HEALTH_CLUSTER,,,,,,REVIEW,
بعض المؤشرات المختارة عن خدمات مستشفيات الصحة النفسية والرعاية المديدة والتأهيل بوزارة الصحة حسب التجمعات الصحية عام 2024م.,1,Health Cluster,HEALTH_CLUSTER,,,,,,REVIEW,
تجمع الباحة الصحي,1,Health Cluster,HEALTH_CLUSTER,,,,,,REVIEW,
تجمع الجوف الصحي,1,Health Cluster,HEALTH_CLUSTER,,,,,,REVIEW,
تجمع جازان الصحي,1,Health Cluster,HEALTH_CLUSTER,,,,,,REVIEW,
تجمع نجران الصحي,1,Health Cluster,HEALTH_CLUSTER,,,,,,REVIEW,
حالات الخروج من مستشفيات وزارة الصحة حسب التجمعات الصحية والجنس والجنسية عام 2024م.,1,Health Cluster,HEALTH_CLUSTER,,,,,,REVIEW,
حالات الدخول لمستشفيات وزارة الصحة حسب التجمعات الصحية والجنس والجنسية عام 2024م.,1,Health Cluster,HEALTH_CLUSTER,,,,,,REVIEW,
زيارات المراجعين لعيادات الأسنان بوزارة الصحة حسب الجنس والجنسية والتجمع الصحي عام 2024م,1,Health Cluster,HEALTH_CLUSTER,,,,,,REVIEW,
زيارات المراجعين لعيادات السكرى بمستشفيات وزارة الصحة حسب الجنس والجنسية والتجمع الصحي عام 2024م.,1,Health Cluster,HEALTH_CLUSTER,,,,,,REVIEW,
عدد المواعيد الافتراضية المكتملة بمرافق وزارة الصحة حسب التجمعات الصحية لعام 2024م.,1,Health Cluster,HEALTH_CLUSTER,,,,,,REVIEW,
مديريات الشؤون الصحية السابقة بالمناطق والمحافظات وما يقابلها من المناطق الإدارية والمحافظات والتجمعات الصحية وفروع ومكاتب وزارة الصحة,1,Health Cluster,HEALTH_CLUSTER,,,,,,REVIEW,
Riyadh,321,Unknown / National / Other,HEALTH_REGION_OR_ADMIN_REGION_REVIEW,,,,,,REVIEW,
الرياض,293,Unknown / National / Other,HEALTH_REGION_OR_ADMIN_REGION_REVIEW,,,,,,REVIEW,
المدينة المنورة,275,Unknown / National / Other,HEALTH_REGION_OR_ADMIN_REGION_REVIEW,,,,,,REVIEW,
Eastern,252,Unknown / National / Other,HEALTH_REGION_OR_ADMIN_REGION_REVIEW,,,,,,REVIEW,
القصيم,246,Unknown / National / Other,HEALTH_REGION_OR_ADMIN_REGION_REVIEW,,,,,,REVIEW,
الشرقية,241,Unknown / National / Other,HEALTH_REGION_OR_ADMIN_REGION_REVIEW,,,,,,REVIEW,
عسير,238,Unknown / National / Other,HEALTH_REGION_OR_ADMIN_REGION_REVIEW,,,,,,REVIEW,
تبوك,237,Unknown / National / Other,HEALTH_REGION_OR_ADMIN_REGION_REVIEW,,,,,,REVIEW,
حائل,228,Unknown / National / Other,HEALTH_REGION_OR_ADMIN_REGION_REVIEW,,,,,,REVIEW,
الحدود الشمالية,165,Unknown / National / Other,HEALTH_REGION_OR_ADMIN_REGION_REVIEW,,,,,,REVIEW,
جازان,152,Unknown / National / Other,HEALTH_REGION_OR_ADMIN_REGION_REVIEW,,,,,,REVIEW,
Jazan,147,Unknown / National / Other,HEALTH_REGION_OR_ADMIN_REGION_REVIEW,,,,,,REVIEW,
Makkah,96,Unknown / National / Other,HEALTH_REGION_OR_ADMIN_REGION_REVIEW,,,,,,REVIEW,
Northern Borders,72,Unknown / National / Other,HEALTH_REGION_OR_ADMIN_REGION_REVIEW,,,,,,REVIEW,
Najran,67,Unknown / National / Other,HEALTH_REGION_OR_ADMIN_REGION_REVIEW,,,,,,REVIEW,
نجران,66,Unknown / National / Other,HEALTH_REGION_OR_ADMIN_REGION_REVIEW,,,,,,REVIEW,
Madinah,59,Unknown / National / Other,HEALTH_REGION_OR_ADMIN_REGION_REVIEW,,,,,,REVIEW,
مكة المكرمة,56,Unknown / National / Other,HEALTH_REGION_OR_ADMIN_REGION_REVIEW,,,,,,REVIEW,
الباحة,39,Unknown / National / Other,HEALTH_REGION_OR_ADMIN_REGION_REVIEW,,,,,,REVIEW,
الجوف,34,Unknown / National / Other,HEALTH_REGION_OR_ADMIN_REGION_REVIEW,,,,,,REVIEW,
Hail,31,Unknown / National / Other,HEALTH_REGION_OR_ADMIN_REGION_REVIEW,,,,,,REVIEW,
Qassim,31,Unknown / National / Other,HEALTH_REGION_OR_ADMIN_REGION_REVIEW,,,,,,REVIEW,
Asir,29,Unknown / National / Other,HEALTH_REGION_OR_ADMIN_REGION_REVIEW,,,,,,REVIEW,
Al-Bahah,23,Unknown / National / Other,HEALTH_REGION_OR_ADMIN_REGION_REVIEW,,,,,,REVIEW,
Al-Jouf,23,Unknown / National / Other,HEALTH_REGION_OR_ADMIN_REGION_REVIEW,,,,,,REVIEW,
Tabuk,17,Unknown / National / Other,HEALTH_REGION_OR_ADMIN_REGION_REVIEW,,,,,,REVIEW,
Al Jouf,8,Unknown / National / Other,HEALTH_REGION_OR_ADMIN_REGION_REVIEW,,,,,,REVIEW,
وزارة الرياضة,7,Unknown / National / Other,HEALTH_REGION_OR_ADMIN_REGION_REVIEW,,,,,,REVIEW,
Al Baha,6,Unknown / National / Other,HEALTH_REGION_OR_ADMIN_REGION_REVIEW,,,,,,REVIEW,
Al- Bahah,6,Unknown / National / Other,HEALTH_REGION_OR_ADMIN_REGION_REVIEW,,,,,,REVIEW,
King Abdulaziz Medical City- Riyadh,4,Unknown / National / Other,HEALTH_REGION_OR_ADMIN_REGION_REVIEW,,,,,,REVIEW,
King Abdulaziz University Hospital - Riyadh,4,Unknown / National / Other,HEALTH_REGION_OR_ADMIN_REGION_REVIEW,,,,,,REVIEW,
King Abdullah Bin Abdulaziz University Hospital - Riyadh,4,Unknown / National / Other,HEALTH_REGION_OR_ADMIN_REGION_REVIEW,,,,,,REVIEW,
King Khalid University Hospital - Riyadh,4,Unknown / National / Other,HEALTH_REGION_OR_ADMIN_REGION_REVIEW,,,,,,REVIEW,
Riyadh Care Hospital,4,Unknown / National / Other,HEALTH_REGION_OR_ADMIN_REGION_REVIEW,,,,,,REVIEW,
jazan,4,Unknown / National / Other,HEALTH_REGION_OR_ADMIN_REGION_REVIEW,,,,,,REVIEW,
الأنشطة والخدمات الرئيسية بمستشفى الملك خالد التخصصي للعيون بالرياض في الأعوام الخمسة الأخيرة,4,Unknown / National / Other,HEALTH_REGION_OR_ADMIN_REGION_REVIEW,,,,,,REVIEW,
الرياض Riyadh,4,Unknown / National / Other,HEALTH_REGION_OR_ADMIN_REGION_REVIEW,,,,,,REVIEW,
المدينة المنورة Madinah,4,Unknown / National / Other,HEALTH_REGION_OR_ADMIN_REGION_REVIEW,,,,,,REVIEW,
المنطقة الشرقية,4,Health Region,HEALTH_REGION_OR_ADMIN_REGION_REVIEW,,,,,,REVIEW,
مدينة الملك عبد العزيز الطبية -الرياض,4,Unknown / National / Other,HEALTH_REGION_OR_ADMIN_REGION_REVIEW,,,,,,REVIEW,
مستشفى الملك خالد الجامعي بالرياض,4,Unknown / National / Other,HEALTH_REGION_OR_ADMIN_REGION_REVIEW,,,,,,REVIEW,
مستشفى الملك عبد العزيز الجامعي - الرياض,4,Unknown / National / Other,HEALTH_REGION_OR_ADMIN_REGION_REVIEW,,,,,,REVIEW,
مستشفى الملك عبدالله بن عبدالعزيز بجامعة الأميرة نورة- الرياض,4,Unknown / National / Other,HEALTH_REGION_OR_ADMIN_REGION_REVIEW,,,,,,REVIEW,
مستشفى رعاية الرياض,4,Unknown / National / Other,HEALTH_REGION_OR_ADMIN_REGION_REVIEW,,,,,,REVIEW,
Al -Bahah,3,Unknown / National / Other,HEALTH_REGION_OR_ADMIN_REGION_REVIEW,,,,,,REVIEW,
Albaha,3,Unknown / National / Other,HEALTH_REGION_OR_ADMIN_REGION_REVIEW,,,,,,REVIEW,
Central Security Hospital - Riyadh,3,Unknown / National / Other,HEALTH_REGION_OR_ADMIN_REGION_REVIEW,,,,,,REVIEW,
Northern Borders Border,3,Unknown / National / Other,HEALTH_REGION_OR_ADMIN_REGION_REVIEW,,,,,,REVIEW,
Riyadh National Hospital,3,Unknown / National / Other,HEALTH_REGION_OR_ADMIN_REGION_REVIEW,,,,,,REVIEW,
Security Forces Hospital- Riyadh,3,Unknown / National / Other,HEALTH_REGION_OR_ADMIN_REGION_REVIEW,,,,,,REVIEW,
Security Forces Hospital-Makkah,3,Unknown / National / Other,HEALTH_REGION_OR_ADMIN_REGION_REVIEW,,,,,,REVIEW,
جامعة القصيم,3,Unknown / National / Other,HEALTH_REGION_OR_ADMIN_REGION_REVIEW,,,,,,REVIEW,
مستشفى الأمن المركزي -الرياض,3,Unknown / National / Other,HEALTH_REGION_OR_ADMIN_REGION_REVIEW,,,,,,REVIEW,
مكةالمكرمة,3,Unknown / National / Other,HEALTH_REGION_OR_ADMIN_REGION_REVIEW,,,,,,REVIEW,
Al-jouf,2,Unknown / National / Other,HEALTH_REGION_OR_ADMIN_REGION_REVIEW,,,,,,REVIEW,
RIYADH ELM UNIVERSITY,2,Unknown / National / Other,HEALTH_REGION_OR_ADMIN_REGION_REVIEW,,,,,,REVIEW,
المدينة,2,Unknown / National / Other,HEALTH_REGION_OR_ADMIN_REGION_REVIEW,,,,,,REVIEW,
جازان Jazan,2,Unknown / National / Other,HEALTH_REGION_OR_ADMIN_REGION_REVIEW,,,,,,REVIEW,
عسير Aseer,2,Unknown / National / Other,HEALTH_REGION_OR_ADMIN_REGION_REVIEW,,,,,,REVIEW,
Al- Jouf,1,Unknown / National / Other,HEALTH_REGION_OR_ADMIN_REGION_REVIEW,,,,,,REVIEW,
Al-Jouf*,1,Unknown / National / Other,HEALTH_REGION_OR_ADMIN_REGION_REVIEW,,,,,,REVIEW,
Albaha region,1,Health Region,HEALTH_REGION_OR_ADMIN_REGION_REVIEW,,,,,,REVIEW,
Aljouf region,1,Health Region,HEALTH_REGION_OR_ADMIN_REGION_REVIEW,,,,,,REVIEW,
All Governorates in Riyadh Region,1,Health Region,HEALTH_REGION_OR_ADMIN_REGION_REVIEW,,,,,,REVIEW,
"All governorates of Asir region except Bisha, Tathlith, Balqarn and Al Amwah",1,Health Region,HEALTH_REGION_OR_ADMIN_REGION_REVIEW,,,,,,REVIEW,
All governorates of Hail region,1,Health Region,HEALTH_REGION_OR_ADMIN_REGION_REVIEW,,,,,,REVIEW,
All governorates of Madinah region,1,Health Region,HEALTH_REGION_OR_ADMIN_REGION_REVIEW,,,,,,REVIEW,
All governorates of Northern Borders region,1,Health Region,HEALTH_REGION_OR_ADMIN_REGION_REVIEW,,,,,,REVIEW,
All governorates of Qassim region,1,Health Region,HEALTH_REGION_OR_ADMIN_REGION_REVIEW,,,,,,REVIEW,
All governorates of Tabuk region,1,Health Region,HEALTH_REGION_OR_ADMIN_REGION_REVIEW,,,,,,REVIEW,
All governorates of the Eastern region except Al-Ahsa and Hafar Al-Batin,1,Health Region,HEALTH_REGION_OR_ADMIN_REGION_REVIEW,,,,,,REVIEW,
Baha FTSA,1,Unknown / National / Other,HEALTH_REGION_OR_ADMIN_REGION_REVIEW,,,,,,REVIEW,
Eastern Region,1,Health Region,HEALTH_REGION_OR_ADMIN_REGION_REVIEW,,,,,,REVIEW,
Eastern*,1,Unknown / National / Other,HEALTH_REGION_OR_ADMIN_REGION_REVIEW,,,,,,REVIEW,
Hail FTU,1,Unknown / National / Other,HEALTH_REGION_OR_ADMIN_REGION_REVIEW,,,,,,REVIEW,
Jazan FTSA,1,Unknown / National / Other,HEALTH_REGION_OR_ADMIN_REGION_REVIEW,,,,,,REVIEW,
Jouf,1,Unknown / National / Other,HEALTH_REGION_OR_ADMIN_REGION_REVIEW,,,,,,REVIEW,
Jouf FTU,1,Unknown / National / Other,HEALTH_REGION_OR_ADMIN_REGION_REVIEW,,,,,,REVIEW,
KFMC RIYADH,1,Unknown / National / Other,HEALTH_REGION_OR_ADMIN_REGION_REVIEW,,,,,,REVIEW,
KKESH RIYADH,1,Unknown / National / Other,HEALTH_REGION_OR_ADMIN_REGION_REVIEW,,,,,,REVIEW,
"Makkah (Emirate headquarters) and the governorates of Al-Jumum, Khulais, Al-Kamil and Bahra",1,Unknown / National / Other,HEALTH_REGION_OR_ADMIN_REGION_REVIEW,,,,,,REVIEW,
Makkah FTSA,1,Unknown / National / Other,HEALTH_REGION_OR_ADMIN_REGION_REVIEW,,,,,,REVIEW,
MoH Branch in Asir Region,1,Health Region,HEALTH_REGION_OR_ADMIN_REGION_REVIEW,,,,,,REVIEW,
MoH Branch in Eastern Region,1,Health Region,HEALTH_REGION_OR_ADMIN_REGION_REVIEW,,,,,,REVIEW,
MoH Branch in Hail Region,1,Health Region,HEALTH_REGION_OR_ADMIN_REGION_REVIEW,,,,,,REVIEW,
MoH Branch in Madinah Region,1,Health Region,HEALTH_REGION_OR_ADMIN_REGION_REVIEW,,,,,,REVIEW,
MoH Branch in Makkah Region,1,Health Region,HEALTH_REGION_OR_ADMIN_REGION_REVIEW,,,,,,REVIEW,
MoH Branch in Northern Borders Region,1,Health Region,HEALTH_REGION_OR_ADMIN_REGION_REVIEW,,,,,,REVIEW,
MoH Branch in Qassim Region,1,Health Region,HEALTH_REGION_OR_ADMIN_REGION_REVIEW,,,,,,REVIEW,
MoH Branch in Riyadh Region,1,Health Region,HEALTH_REGION_OR_ADMIN_REGION_REVIEW,,,,,,REVIEW,
MoH Branch in Tabuk Region,1,Health Region,HEALTH_REGION_OR_ADMIN_REGION_REVIEW,,,,,,REVIEW,
Najran FTU,1,Unknown / National / Other,HEALTH_REGION_OR_ADMIN_REGION_REVIEW,,,,,,REVIEW,
Northern Borders FTU,1,Unknown / National / Other,HEALTH_REGION_OR_ADMIN_REGION_REVIEW,,,,,,REVIEW,
Other Governmental Hospitals- Riyadh,1,Unknown / National / Other,HEALTH_REGION_OR_ADMIN_REGION_REVIEW,,,,,,REVIEW,
Qassim FTSA,1,Unknown / National / Other,HEALTH_REGION_OR_ADMIN_REGION_REVIEW,,,,,,REVIEW,
Riyadh FTSA,1,Unknown / National / Other,HEALTH_REGION_OR_ADMIN_REGION_REVIEW,,,,,,REVIEW,
Riyadh*,1,Unknown / National / Other,HEALTH_REGION_OR_ADMIN_REGION_REVIEW,,,,,,REVIEW,
riyadh region,1,Health Region,HEALTH_REGION_OR_ADMIN_REGION_REVIEW,,,,,,REVIEW,
إدارة خدمات السموم الشرعية بالباحة,1,Unknown / National / Other,HEALTH_REGION_OR_ADMIN_REGION_REVIEW,,,,,,REVIEW,
إدارة خدمات السموم الشرعية بالرياض,1,Unknown / National / Other,HEALTH_REGION_OR_ADMIN_REGION_REVIEW,,,,,,REVIEW,
إدارة خدمات السموم الشرعية بالقصيم,1,Unknown / National / Other,HEALTH_REGION_OR_ADMIN_REGION_REVIEW,,,,,,REVIEW,
إدارة خدمات السموم الشرعية بالمدينة المنورة,1,Unknown / National / Other,HEALTH_REGION_OR_ADMIN_REGION_REVIEW,,,,,,REVIEW,
إدارة خدمات السموم الشرعية بتبوك,1,Unknown / National / Other,HEALTH_REGION_OR_ADMIN_REGION_REVIEW,,,,,,REVIEW,
إدارة خدمات السموم الشرعية بجازان,1,Unknown / National / Other,HEALTH_REGION_OR_ADMIN_REGION_REVIEW,,,,,,REVIEW,
إدارة خدمات السموم الشرعية بعسير,1,Unknown / National / Other,HEALTH_REGION_OR_ADMIN_REGION_REVIEW,,,,,,REVIEW,
إدارة خدمات السموم الشرعية بمكة المكرمة,1,Unknown / National / Other,HEALTH_REGION_OR_ADMIN_REGION_REVIEW,,,,,,REVIEW,
الجوف*,1,Unknown / National / Other,HEALTH_REGION_OR_ADMIN_REGION_REVIEW,,,,,,REVIEW,
الرياض*,1,Unknown / National / Other,HEALTH_REGION_OR_ADMIN_REGION_REVIEW,,,,,,REVIEW,
الشرقية*,1,Unknown / National / Other,HEALTH_REGION_OR_ADMIN_REGION_REVIEW,,,,,,REVIEW,
الطب الرياضي,1,Unknown / National / Other,HEALTH_REGION_OR_ADMIN_REGION_REVIEW,,,,,,REVIEW,
المدينة الطبية,1,Unknown / National / Other,HEALTH_REGION_OR_ADMIN_REGION_REVIEW,,,,,,REVIEW,
المدينة الطبية الجامعية بمدينة الملك سعود,1,Unknown / National / Other,HEALTH_REGION_OR_ADMIN_REGION_REVIEW,,,,,,REVIEW,
المدينة المنوره,1,Unknown / National / Other,HEALTH_REGION_OR_ADMIN_REGION_REVIEW,,,,,,REVIEW,
جميع محافظات المنطقة الشرقية عدا محافظتي الأحساء وحفر الباطن,1,Health Region,HEALTH_REGION_OR_ADMIN_REGION_REVIEW,,,,,,REVIEW,
جميع محافظات منطقة الحدود الشمالية,1,Unknown / National / Other,HEALTH_REGION_OR_ADMIN_REGION_REVIEW,,,,,,REVIEW,
جميع محافظات منطقة الرياض,1,Unknown / National / Other,HEALTH_REGION_OR_ADMIN_REGION_REVIEW,,,,,,REVIEW,
جميع محافظات منطقة القصيم,1,Unknown / National / Other,HEALTH_REGION_OR_ADMIN_REGION_REVIEW,,,,,,REVIEW,
جميع محافظات منطقة المدينة المنورة,1,Unknown / National / Other,HEALTH_REGION_OR_ADMIN_REGION_REVIEW,,,,,,REVIEW,
جميع محافظات منطقة تبوك,1,Unknown / National / Other,HEALTH_REGION_OR_ADMIN_REGION_REVIEW,,,,,,REVIEW,
جميع محافظات منطقة حائل,1,Unknown / National / Other,HEALTH_REGION_OR_ADMIN_REGION_REVIEW,,,,,,REVIEW,
جميع محافظات منطقة عسير عدا محافظات بيشىة وتثليث وبالقرن والأمواه,1,Unknown / National / Other,HEALTH_REGION_OR_ADMIN_REGION_REVIEW,,,,,,REVIEW,
فرع الوزارة بالمنطقة الشرقية,1,Health Region,HEALTH_REGION_OR_ADMIN_REGION_REVIEW,,,,,,REVIEW,
فرع الوزارة بمنطقة الحدود الشمالية,1,Unknown / National / Other,HEALTH_REGION_OR_ADMIN_REGION_REVIEW,,,,,,REVIEW,
فرع الوزارة بمنطقة الرياض,1,Unknown / National / Other,HEALTH_REGION_OR_ADMIN_REGION_REVIEW,,,,,,REVIEW,
فرع الوزارة بمنطقة القصيم,1,Unknown / National / Other,HEALTH_REGION_OR_ADMIN_REGION_REVIEW,,,,,,REVIEW,
فرع الوزارة بمنطقة المدينة المنورة,1,Unknown / National / Other,HEALTH_REGION_OR_ADMIN_REGION_REVIEW,,,,,,REVIEW,
فرع الوزارة بمنطقة تبوك,1,Unknown / National / Other,HEALTH_REGION_OR_ADMIN_REGION_REVIEW,,,,,,REVIEW,
فرع الوزارة بمنطقة حائل,1,Unknown / National / Other,HEALTH_REGION_OR_ADMIN_REGION_REVIEW,,,,,,REVIEW,
فرع الوزارة بمنطقة عسير,1,Unknown / National / Other,HEALTH_REGION_OR_ADMIN_REGION_REVIEW,,,,,,REVIEW,
فرع الوزارة بمنطقة مكة المكرمة,1,Unknown / National / Other,HEALTH_REGION_OR_ADMIN_REGION_REVIEW,,,,,,REVIEW,
مدينة الملك فهد الطبية بالرياض,1,Unknown / National / Other,HEALTH_REGION_OR_ADMIN_REGION_REVIEW,,,,,,REVIEW,
مستشفى الملك خالد التخصصي للعيون بالرياض,1,Unknown / National / Other,HEALTH_REGION_OR_ADMIN_REGION_REVIEW,,,,,,REVIEW,
مستشفيات جهات حكومية أخرى بالرياض,1,Unknown / National / Other,HEALTH_REGION_OR_ADMIN_REGION_REVIEW,,,,,,REVIEW,
مكة,1,Unknown / National / Other,HEALTH_REGION_OR_ADMIN_REGION_REVIEW,,,,,,REVIEW,
مكة المكرمة (مقر الإمارة) ومحافظات الجموم وخليص والكامل وبحرة,1,Unknown / National / Other,HEALTH_REGION_OR_ADMIN_REGION_REVIEW,,,,,,REVIEW,
وحدة خدمات السموم الشرعية بالجوف,1,Unknown / National / Other,HEALTH_REGION_OR_ADMIN_REGION_REVIEW,,,,,,REVIEW,
وحدة خدمات السموم الشرعية بالحدود الشمالية,1,Unknown / National / Other,HEALTH_REGION_OR_ADMIN_REGION_REVIEW,,,,,,REVIEW,
وحدة خدمات السموم الشرعية بحائل,1,Unknown / National / Other,HEALTH_REGION_OR_ADMIN_REGION_REVIEW,,,,,,REVIEW,
وحدة خدمات السموم الشرعية بنجران,1,Unknown / National / Other,HEALTH_REGION_OR_ADMIN_REGION_REVIEW,,,,,,REVIEW,
