workbook_name,sheet_name,row_number,values_json
2022-Chapter-II-Health-Resources.xlsx,2.43,1,"[""مستشفيات وزارة الصحة المعتمدة من المركز السعودي لاعتماد المنشآت الصحية."", """", """", """", """", """", """", """", """", """", """", """", """", """"]"
2022-Chapter-II-Health-Resources.xlsx,2.43,2,"[""CBAHI Accredited MoH Hospitals."", """", """", """", """", """", """", """", """", """", """", """", """", """"]"
2022-Chapter-II-Health-Resources.xlsx,2.43,3,"[""جدول  2-43"", """", """", ""Table 2-43"", """", """", """", """", """", """", """", """", """", """"]"
2022-Chapter-II-Health-Resources.xlsx,2.43,4,"[""المنطقة الصحية"", ""المستشفى"", """", ""Hospital Name"", ""تاريخ الاعتماد\nDate of Accriditation"", ""Health Region"", """", """", """", """", """", """", """", """"]"
2022-Chapter-II-Health-Resources.xlsx,2.43,5,"[""الرياض"", ""1"", ""مستشفى الأمير محمد بن عبدالعزيز"", ""Prince Mohammad Bin Abdulaziz Hospital"", ""2022"", ""Riyadh"", """", """", """", """", """", """", """", """"]"
2022-Chapter-II-Health-Resources.xlsx,2.43,6,"["""", ""2"", ""مستشفى الملك خالد بالخرج"", ""King Khalid Hospital Al-Kharj"", ""2022"", """", """", """", """", """", """", """", """", """"]"
2022-Chapter-II-Health-Resources.xlsx,2.43,7,"["""", ""3"", ""مستشفى الولادة والأطفال بالخرج"", ""Maternity Hospital - Al-Kharj"", ""2022"", """", """", """", """", """", """", """", """", """"]"
2022-Chapter-II-Health-Resources.xlsx,2.43,8,"["""", ""4"", ""مستشفى الإيمان العام"", ""Al Iman General Hospital"", ""2022"", """", """", """", """", """", """", """", """", """"]"
2022-Chapter-II-Health-Resources.xlsx,2.43,9,"["""", ""5"", ""مستشفى الدوادمي العام"", ""Dawadmi General Hospital"", ""2022"", """", """", """", """", """", """", """", """", """"]"
2022-Chapter-II-Health-Resources.xlsx,2.43,10,"["""", ""6"", ""مستشفى الزلفي العام"", ""Al Zulfi General Hospital"", ""2021"", """", """", """", """", """", """", """", """", """"]"
2022-Chapter-II-Health-Resources.xlsx,2.43,11,"["""", ""7"", ""مستشفى القويعية العام"", ""Quwaiya General Hospital"", ""2022"", """", """", """", """", """", """", """", """", """"]"
2022-Chapter-II-Health-Resources.xlsx,2.43,12,"["""", ""8"", ""مدينة الملك سعود الطبية"", ""King Saud Medical City"", ""2020"", """", """", """", """", """", """", """", """", """"]"
2022-Chapter-II-Health-Resources.xlsx,2.43,13,"["""", ""9"", ""مدينة الملك فهد الطبية"", ""King Fahad Medical City"", ""2020"", """", """", """", """", """", """", """", """", """"]"
2022-Chapter-II-Health-Resources.xlsx,2.43,14,"["""", ""10"", ""مستشفى الملك سلمان"", ""King Salman Hospital"", ""2020"", """", """", """", """", """", """", """", """", """"]"
2022-Chapter-II-Health-Resources.xlsx,2.43,15,"["""", ""11"", ""مستشفى الإمام عبدالرحمن الفيصل"", ""Imam Abdulrahman Alfaisal Hospital"", ""2020"", """", """", """", """", """", """", """", """", """"]"
2022-Chapter-II-Health-Resources.xlsx,2.43,16,"["""", ""12"", ""مستشفى شقراء العام"", ""Shagra General Hospital"", ""2021"", """", """", """", """", """", """", """", """", """"]"
2022-Chapter-II-Health-Resources.xlsx,2.43,17,"["""", ""13"", ""مستشفى الملك خالد التخصصي للعيون"", ""King Khaled Eye Specialist Hospital"", ""2021"", """", """", """", """", """", """", """", """", """"]"
2022-Chapter-II-Health-Resources.xlsx,2.43,18,"["""", ""14"", ""مستشفى اليمامة"", ""Al-Yamama Hospital"", ""2021"", """", """", """", """", """", """", """", """", """"]"
2022-Chapter-II-Health-Resources.xlsx,2.43,19,"[""العاصمة المقدسة"", ""15"", ""مستشفى الملك عبد العزيز"", ""King Abdulaziz  Hospital"", ""2022"", ""The Holy Capital"", """", """", """", """", """", """", """", """"]"
2022-Chapter-II-Health-Resources.xlsx,2.43,20,"["""", ""16"", ""مستشفى حراء العام"", ""Herra General Hospital"", ""2020"", """", """", """", """", """", """", """", """", """"]"
2022-Chapter-II-Health-Resources.xlsx,2.44,1,"[""مستشفيات الجهات الحكومية الأخرى المعتمدة من المركز السعودي لاعتماد المنشآت الصحية"", """", """", """", """", """", """", """", """", """", """", """", """", """", """", """", """", """", """", """", """", """", """", """", """", """", """", """", """", """", """"]"
2022-Chapter-II-Health-Resources.xlsx,2.44,2,"[""CBAHI Accredited Other Governmental Sector Hospitals"", """", """", """", """", """", """", """", """", """", """", """", """", """", """", """", """", """", """", """", """", """", """", """", """", """", """", """", """", """", """"]"
2022-Chapter-II-Health-Resources.xlsx,2.44,3,"[""جدول  2-44"", """", """", ""Table 2-44"", """", """", """", """", """", """", """", """", """", """", """", """", """", """", """", """", """", """", """", """", """", """", """", """", """", """", """"]"
2022-Chapter-II-Health-Resources.xlsx,2.44,4,"[""المنطقة الصحية"", ""المستشفى"", """", ""Hospital Name"", ""تاريخ الاعتماد\nDate of Accriditation"", ""Health Region"", """", """", """", """", """", """", """", """", """", """", """", """", """", """", """", """", """", """", """", """", """", """", """", """", """"]"
2022-Chapter-II-Health-Resources.xlsx,2.44,5,"[""الرياض"", ""1"", ""مستشفى الملك فيصل التخصصي ومركز الأبحاث"", ""King Faisal Specialist Hospital and Research Center"", ""2021"", ""Riyadh"", """", """", """", """", """", """", """", """", """", """", """", """", """", """", """", """", """", """", """", """", """", """", """", """", """"]"
2022-Chapter-II-Health-Resources.xlsx,2.44,6,"["""", ""2"", ""مستشفى القوات المسلحة بالمصانع الحربية بالخرج"", ""Armed Forces Hospital in the military factories, Al-Kharj"", ""2022"", """", """", """", """", """", """", """", """", """", """", """", """", """", """", """", """", """", """", """", """", """", """", """", """", """", """"]"
2022-Chapter-II-Health-Resources.xlsx,2.44,7,"["""", ""3"", ""مدينة الأمير سلطان الطبية العسكرية"", ""PRINCE SULTAN MILITARY MEDICAL CITY"", ""2020"", """", """", """", """", """", """", """", """", """", """", """", """", """", """", """", """", """", """", """", """", """", """", """", """", """", """"]"
2022-Chapter-II-Health-Resources.xlsx,2.44,8,"["""", ""4"", ""مستشفى القوات المسلحة بوادي الدواسر"", ""Armed Forces Hospital in Wadi Al-Dawaser"", ""2021"", """", """", """", """", """", """", """", """", """", """", """", """", """", """", """", """", """", """", """", """", """", """", """", """", """", """"]"
2022-Chapter-II-Health-Resources.xlsx,2.44,9,"["""", ""5"", ""مستشفى الملك خالد الجامعي بالرياض"", ""King Khalid University Hospital - Riyadh"", ""2021"", """", """", """", """", """", """", """", """", """", """", """", """", """", """", """", """", """", """", """", """", """", """", """", """", """", """"]"
2022-Chapter-II-Health-Resources.xlsx,2.44,10,"["""", ""6"", ""مستشفى الملك عبدالله بن عبدالعزيز بجامعة الأميرة نورة- الرياض"", ""King Abdullah Bin Abdulaziz University Hospital - Riyadh"", ""2021"", """", """", """", """", """", """", """", """", """", """", """", """", """", """", """", """", """", """", """", """", """", """", """", """", """", """"]"
2022-Chapter-II-Health-Resources.xlsx,2.44,11,"["""", ""7"", ""مستشفى قوى الأمن"", ""Security Forces Hospital- Riyadh"", ""2021"", """", """", """", """", """", """", """", """", """", """", """", """", """", """", """", """", """", """", """", """", """", """", """", """", """", """"]"
2022-Chapter-II-Health-Resources.xlsx,2.44,12,"["""", ""8"", ""مستشفى الملك عبد العزيز الجامعي - الرياض"", ""King Abdulaziz University Hospital - Riyadh"", ""2021"", """", """", """", """", """", """", """", """", """", """", """", """", """", """", """", """", """", """", """", """", """", """", """", """", """", """"]"
2022-Chapter-II-Health-Resources.xlsx,2.44,13,"["""", ""9"", ""مستشفى الأمن المركزي -الرياض"", ""Central Security Hospital  - Riyadh"", ""2021"", """", """", """", """", """", """", """", """", """", """", """", """", """", """", """", """", """", """", """", """", """", """", """", """", """", """"]"
2022-Chapter-II-Health-Resources.xlsx,2.44,14,"["""", ""10"", ""مدينة الملك عبد العزيز الطبية -الرياض"", ""King Abdulaziz Medical City- Riyadh"", ""2021"", """", """", """", """", """", """", """", """", """", """", """", """", """", """", """", """", """", """", """", """", """", """", """", """", """", """"]"
2022-Chapter-II-Health-Resources.xlsx,2.44,15,"[""العاصمة المقدسة"", ""11"", ""مستشفى قوى الأمن"", ""Security Forces Hospital-Makkah"", ""2020"", ""The Holy Capital"", """", """", """", """", """", """", """", """", """", """", """", """", """", """", """", """", """", """", """", """", """", """", """", """", """"]"
2022-Chapter-II-Health-Resources.xlsx,2.44,16,"[""جدة"", ""12"", ""مستشفى الملك فهد للقوات المسلحة بجدة"", ""King Fahad Armed Forces Hospital- Jeddah"", ""2021"", ""Jeddah"", """", """", """", """", """", """", """", """", """", """", """", """", """", """", """", """", """", """", """", """", """", """", """", """", """"]"
2022-Chapter-II-Health-Resources.xlsx,2.44,17,"["""", ""13"", ""مستشفى الامن المركزي بجدة"", ""Central Security Hospital -Jeddah"", ""2021"", """", """", """", """", """", """", """", """", """", """", """", """", """", """", """", """", """", """", """", """", """", """", """", """", """", """"]"
2022-Chapter-II-Health-Resources.xlsx,2.44,18,"["""", ""14"", ""مدينة الملك عبد العزيز الطبية- جدة"", ""King Abdulaziz Medical City- Jeddah"", ""2021"", """", """", """", """", """", """", """", """", """", """", """", """", """", """", """", """", """", """", """", """", """", """", """", """", """", """"]"
2022-Chapter-II-Health-Resources.xlsx,2.44,19,"["""", ""15"", ""مستشفى الملك عبد العزيز الجامعي - جدة"", ""King Abdulaziz University Hospital - Jeddah"", ""2022"", """", """", """", """", """", """", """", """", """", """", """", """", """", """", """", """", """", """", """", """", """", """", """", """", """", """"]"
2022-Chapter-II-Health-Resources.xlsx,2.44,20,"["""", ""16"", ""مستشفى الملك فيصل التخصصي ومركز الأبحاث"", ""King Faisal Specialist Hospital and Research Center"", ""2022"", """", """", """", """", """", """", """", """", """", """", """", """", """", """", """", """", """", """", """", """", """", """", """", """", """", """"]"
2022-Chapter-IV-Health-Activities.xlsx,7,1,"[""مراكز الإسعاف والسيارات التابعة لهيئة الهلال الأحمر السعودي حسب المنطقة الإدارية  عام 2022م."", """", """", """", """", """", """"]"
2022-Chapter-IV-Health-Activities.xlsx,7,2,"[""First Aid Centers and Ambulances of the Saudi Red Crescent Authority  by Administrative Region, 2022G."", """", """", """", """", """", """"]"
2022-Chapter-IV-Health-Activities.xlsx,7,3,"[""جدول 4-7"", """", """", ""Table 4-7"", """", """", """"]"
2022-Chapter-IV-Health-Activities.xlsx,7,4,"[""المنطقة الإدارية"", ""الحالات التي تم إسعافها ونقلها للمستشفيات"", ""مراكزالإسعاف"", """", ""سيارات الإسعاف"", """", ""Administrative Region""]"
2022-Chapter-IV-Health-Activities.xlsx,7,5,"["""", """", ""First aid centers"", """", ""Ambulances"", """", """"]"
2022-Chapter-IV-Health-Activities.xlsx,7,6,"["""", ""Cases offered first aid, Transported to hospitals"", ""عدد المراكز"", ""متوسط عدد الحالات للمركز"", ""عدد السيارت"", ""متوسط عدد الحالات للسيارة"", """"]"
2022-Chapter-IV-Health-Activities.xlsx,7,7,"["""", """", ""No. of   centers"", ""Average No. of Cases/center"", ""No .of Ambulances"", ""Average No. of cases / Ambulance"", """"]"
2022-Chapter-IV-Health-Activities.xlsx,7,8,"[""الرياض"", ""128710"", ""111"", ""=B8/C8"", ""304"", ""=B8/E8"", ""Riyadh""]"
2022-Chapter-IV-Health-Activities.xlsx,7,9,"[""مكة المكرمة"", ""160658"", ""98"", ""=B9/C9"", ""283"", ""=B9/E9"", ""Makkah""]"
2022-Chapter-IV-Health-Activities.xlsx,7,10,"[""المدينة المنورة"", ""48787"", ""39"", ""=B10/C10"", ""106"", ""=B10/E10"", ""Medinah""]"
2022-Chapter-IV-Health-Activities.xlsx,7,11,"[""القصيم"", ""26199"", ""29"", ""=B11/C11"", ""94"", ""=B11/E11"", ""Qaseem""]"
2022-Chapter-IV-Health-Activities.xlsx,7,12,"[""الشرقية"", ""63833"", ""66"", ""=B12/C12"", ""200"", ""=B12/E12"", ""Eastern""]"
2022-Chapter-IV-Health-Activities.xlsx,7,13,"[""عسير"", ""32242"", ""41"", ""=B13/C13"", ""126"", ""=B13/E13"", ""Aseer""]"
2022-Chapter-IV-Health-Activities.xlsx,7,14,"[""تبوك"", ""16683"", ""26"", ""=B14/C14"", ""79"", ""=B14/E14"", ""Tabouk""]"
2022-Chapter-IV-Health-Activities.xlsx,7,15,"[""حائل"", ""12638"", ""16"", ""=B15/C15"", ""56"", ""=B15/E15"", ""Ha`il""]"
2022-Chapter-IV-Health-Activities.xlsx,7,16,"[""الحدود الشمالية"", ""5584"", ""14"", ""=B16/C16"", ""46"", ""=B16/E16"", ""Northern""]"
2022-Chapter-IV-Health-Activities.xlsx,7,17,"[""جازان"", ""16704"", ""24"", ""=B17/C17"", ""64"", ""=B17/E17"", ""Jazan""]"
2022-Chapter-IV-Health-Activities.xlsx,7,18,"[""نجران"", ""6924"", ""15"", ""=B18/C18"", ""59"", ""=B18/E18"", ""Najran""]"
2022-Chapter-IV-Health-Activities.xlsx,7,19,"[""الباحة"", ""7921"", ""16"", ""=B19/C19"", ""43"", ""=B19/E19"", ""Al-Bahah""]"
2022-Chapter-IV-Health-Activities.xlsx,7,20,"[""الجوف"", ""8029"", ""14"", ""=B20/C20"", ""47"", ""=B20/E20"", ""Al-Jouf""]"
2022-Chapter-IV-Health-Activities.xlsx,45,1,"[""أنشطة بنوك الدم بوزارة الصحة حسب المنطقة الصحية عام 2022م."", """", """", """", """", """", """", """", """", """", """", """", """", """", """", """", """", """", """", """", """", """", """", """", """", """", """", """", """", """", """", """", """", """", """", """", """"]"
2022-Chapter-IV-Health-Activities.xlsx,45,2,"[""Activities at MoH Blood Banks by Health Region, 2022G."", """", """", """", """", """", """", """", """", """", """", """", """", """", """", """", """", """", """", """", """", """", """", """", """", """", """", """", """", """", """", """", """", """", """", """", """"]"
2022-Chapter-IV-Health-Activities.xlsx,45,3,"[""جدول 4-45"", ""Table 4-45"", """", """", """", """", """", """", """", """", """", """", """", """", """", """", """", """", """", """", """", """", """", """", """", """", """", """", """", """", """", """", """", """", """", """", """"]"
2022-Chapter-IV-Health-Activities.xlsx,45,4,"[""المنطقة الصحية"", ""إجمالي الفحوص"", ""عدد وحدات الدم المتبرع بها"", ""عدد وحدات الدم المنقولة للمرضى"", ""Health Region"", """", """", """", """", """", """", """", """", """", """", """", """", """", """", """", """", """", """", """", """", """", """", """", """", """", """", """", """", """", """", """", """"]"
2022-Chapter-IV-Health-Activities.xlsx,45,5,"["""", ""Total investigations"", ""No. of collected blood units"", ""No. of transfused blood units"", """", """", """", """", """", """", """", """", """", """", """", """", """", """", """", """", """", """", """", """", """", """", """", """", """", """", """", """", """", """", """", """", """"]"
2022-Chapter-IV-Health-Activities.xlsx,45,6,"[""الرياض"", ""862470"", ""62575"", ""110768"", ""Riyadh"", """", """", """", """", """", """", """", """", """", """", """", """", """", """", """", """", """", """", """", """", """", """", """", """", """", """", """", """", """", """", """", """"]"
2022-Chapter-IV-Health-Activities.xlsx,45,7,"[""العاصمة المقدسة"", ""529707"", ""39130"", ""79170"", ""The Holy Capital"", """", """", """", """", """", """", """", """", """", """", """", """", """", """", """", """", """", """", """", """", """", """", """", """", """", """", """", """", """", """", """", """"]"
2022-Chapter-IV-Health-Activities.xlsx,45,8,"[""جدة"", ""594732"", ""48688"", ""47812"", ""Jeddah"", """", """", """", """", """", """", """", """", """", """", """", """", """", """", """", """", """", """", """", """", """", """", """", """", """", """", """", """", """", """", """", """"]"
2022-Chapter-IV-Health-Activities.xlsx,45,9,"[""الطائف"", ""178131"", ""13498"", ""29653"", ""Ta`if"", """", """", """", """", """", """", """", """", """", """", """", """", """", """", """", """", """", """", """", """", """", """", """", """", """", """", """", """", """", """", """", """"]"
2022-Chapter-IV-Health-Activities.xlsx,45,10,"[""المدينة المنورة"", ""521466"", ""34799"", ""103867"", ""Medinah"", """", """", """", """", """", """", """", """", """", """", """", """", """", """", """", """", """", """", """", """", """", """", """", """", """", """", """", """", """", """", """", """"]"
2022-Chapter-IV-Health-Activities.xlsx,45,11,"[""القصيم"", ""242728"", ""19467"", ""28331"", ""Qaseem"", """", """", """", """", """", """", """", """", """", """", """", """", """", """", """", """", """", """", """", """", """", """", """", """", """", """", """", """", """", """", """", """"]"
2022-Chapter-IV-Health-Activities.xlsx,45,12,"[""الشرقية"", ""366270"", ""40123"", ""80727"", ""Eastern"", """", """", """", """", """", """", """", """", """", """", """", """", """", """", """", """", """", """", """", """", """", """", """", """", """", """", """", """", """", """", """", """"]"
2022-Chapter-IV-Health-Activities.xlsx,45,13,"[""الأحساء"", ""249744"", ""19717"", ""31827"", ""Al-Ahsa"", """", """", """", """", """", """", """", """", """", """", """", """", """", """", """", """", """", """", """", """", """", """", """", """", """", """", """", """", """", """", """", """"]"
2022-Chapter-IV-Health-Activities.xlsx,45,14,"[""حفر الباطن"", ""79995"", ""6451"", ""9029"", ""Hafr Al-Baten"", """", """", """", """", """", """", """", """", """", """", """", """", """", """", """", """", """", """", """", """", """", """", """", """", """", """", """", """", """", """", """", """"]"
2022-Chapter-IV-Health-Activities.xlsx,45,15,"[""عسير"", ""341478"", ""25742"", ""47113"", ""Aseer"", """", """", """", """", """", """", """", """", """", """", """", """", """", """", """", """", """", """", """", """", """", """", """", """", """", """", """", """", """", """", """", """"]"
2022-Chapter-IV-Health-Activities.xlsx,45,16,"[""بيشة"", ""68672"", ""5449"", ""8683"", ""Bishah"", """", """", """", """", """", """", """", """", """", """", """", """", """", """", """", """", """", """", """", """", """", """", """", """", """", """", """", """", """", """", """", """"]"
2022-Chapter-IV-Health-Activities.xlsx,45,17,"[""تبوك"", ""153312"", ""12365"", ""17297"", ""Tabouk"", """", """", """", """", """", """", """", """", """", """", """", """", """", """", """", """", """", """", """", """", """", """", """", """", """", """", """", """", """", """", """", """"]"
2022-Chapter-IV-Health-Activities.xlsx,45,18,"[""حائل"", ""129192"", ""10788"", ""16654"", ""Ha`il"", """", """", """", """", """", """", """", """", """", """", """", """", """", """", """", """", """", """", """", """", """", """", """", """", """", """", """", """", """", """", """", """"]"
2022-Chapter-IV-Health-Activities.xlsx,45,19,"[""الحدود الشمالية"", ""83279"", ""6263"", ""14426"", ""Northern"", """", """", """", """", """", """", """", """", """", """", """", """", """", """", """", """", """", """", """", """", """", """", """", """", """", """", """", """", """", """", """", """"]"
2022-Chapter-IV-Health-Activities.xlsx,45,20,"[""جازان"", ""444188"", ""35946"", ""48782"", ""Jazan"", """", """", """", """", """", """", """", """", """", """", """", """", """", """", """", """", """", """", """", """", """", """", """", """", """", """", """", """", """", """", """", """"]"
2022-Chapter-IV-Health-Activities.xlsx,46,1,"[""أنشطة بنوك الدم بوزارة الصحة في الأعوام الخمسة الأخيرة"", """", """", """", """", """", """", """", """", """", """", """", """", """", """", """", """", """", """", """", """", """", """"]"
2022-Chapter-IV-Health-Activities.xlsx,46,2,"[""Activities at MoH Blood Banks in the last Five Years"", """", """", """", """", """", """", """", """", """", """", """", """", """", """", """", """", """", """", """", """", """", """"]"
2022-Chapter-IV-Health-Activities.xlsx,46,3,"[""جدول 4-46"", """", ""Table 4-46"", """", """", """", """", """", """", """", """", """", """", """", """", """", """", """", """", """", """", """", """"]"
2022-Chapter-IV-Health-Activities.xlsx,46,4,"[""النشاط"", ""2018G"", ""2019G"", ""2020G"", ""2021G"", ""2022G"", ""Activity"", """", """", """", """", """", """", """", """", """", """", """", """", """", """", """", """"]"
2022-Chapter-IV-Health-Activities.xlsx,46,5,"[""عدد الفحوص"", ""5046231"", ""5017427"", ""4168172"", ""5813893"", ""5212646"", ""No. of  Investigations"", """", """", """", """", """", """", """", """", """", """", """", """", """", """", """", """"]"
2022-Chapter-IV-Health-Activities.xlsx,46,6,"[""عدد وحدات الدم المتبرع بها"", ""375352"", ""388814"", ""252323"", ""257693"", ""420553"", ""No. of  Collected Blood Units"", """", """", """", """", """", """", """", """", """", """", """", """", """", """", """", """"]"
2022-Chapter-IV-Health-Activities.xlsx,46,7,"[""عدد وحدات الدم المنقولة للمرضى"", ""496343"", ""559755"", ""445247"", ""423632"", ""742846"", ""No. of Transfused Blood Units"", """", """", """", """", """", """", """", """", """", """", """", """", """", """", """", """"]"
2022-Chapter-IV-Health-Activities.xlsx,46,8,"["""", """", """", """", """", """", """", """", """", """", """", """", """", """", """", """", """", """", """", """", """", """", """"]"
2022-Chapter-IV-Health-Activities.xlsx,46,9,"["""", """", """", """", """", """", """", """", """", """", """", """", """", """", """", """", """", """", """", """", """", """", """"]"
2022-Chapter-IV-Health-Activities.xlsx,46,10,"["""", """", """", """", """", """", """", """", """", """", """", """", """", """", """", """", """", """", """", """", """", """", """"]"
2022-Chapter-IV-Health-Activities.xlsx,46,11,"["""", """", """", """", """", """", """", """", """", """", """", """", """", """", """", """", """", """", """", """", """", """", """"]"
2022-Chapter-IV-Health-Activities.xlsx,46,12,"["""", """", """", """", """", """", """", """", """", """", """", """", """", """", """", """", """", """", """", """", """", """", """"]"
2022-Chapter-IV-Health-Activities.xlsx,46,13,"["""", """", """", """", """", """", """", """", """", """", """", """", """", """", """", """", """", """", """", """", """", """", """"]"
2022-Chapter-IV-Health-Activities.xlsx,46,14,"["""", """", """", """", """", """", """", """", """", """", """", """", """", """", """", """", """", """", """", """", """", """", """"]"
2022-Chapter-IV-Health-Activities.xlsx,46,15,"["""", """", """", """", """", """", """", """", """", """", """", """", """", """", """", """", """", """", """", """", """", """", """"]"
2022-Chapter-IV-Health-Activities.xlsx,46,16,"["""", """", """", """", """", """", """", """", """", """", """", """", """", """", """", """", """", """", """", """", """", """", """"]"
2022-Chapter-IV-Health-Activities.xlsx,46,17,"["""", """", """", """", """", """", """", """", """", """", """", """", """", """", """", """", """", """", """", """", """", """", """"]"
2022-Chapter-IV-Health-Activities.xlsx,46,18,"["""", """", """", """", """", """", """", """", """", """", """", """", """", """", """", """", """", """", """", """", """", """", """"]"
2022-Chapter-IV-Health-Activities.xlsx,52,1,"[""الحالات التي أرسلت للعلاج بالخارج من قبل الهيئات الطبية حسب الدولة والحالة الطبية عام  2022م."", """", """", """", """", """", """", """", """", """", """", """", """", """", """", """", """", """", """", """", """"]"
2022-Chapter-IV-Health-Activities.xlsx,52,2,"[""Cases Referred Abroad for Treatment by Specialty and Country, 2022G."", """", """", """", """", """", """", """", """", """", """", """", """", """", """", """", """", """", """", """", """"]"
2022-Chapter-IV-Health-Activities.xlsx,52,3,"[""جدول 4-52"", """", """", ""Table 4-52"", """", """", """", """", """", """", """", """", """", """", """", """", """", """", """", """", """"]"
2022-Chapter-IV-Health-Activities.xlsx,52,4,"[""التخصص"", ""أمريكا"", ""ألمانيا"", ""بريطانيا"", ""إيطاليا"", ""فرنسا"", ""اسبانيا"", ""الإجمالي"", ""Specialty"", """", """", """", """", """", """", """", """", """", """", """", """"]"
2022-Chapter-IV-Health-Activities.xlsx,52,5,"["""", ""USA"", ""Germany"", ""UK"", ""Italy"", ""France"", ""Spain"", ""Total"", """", """", """", """", """", """", """", """", """", """", """", """", """"]"
2022-Chapter-IV-Health-Activities.xlsx,52,6,"[""جراحة تجميل ( ترميم )"", ""11"", ""9"", ""21"", ""0"", ""4"", ""2"", ""=SUM(B6:G6)"", ""Plastic and Reconstructive Surgery"", """", """", """", """", """", """", """", """", """", """", """", """"]"
2022-Chapter-IV-Health-Activities.xlsx,52,7,"[""الأورام"", ""25"", ""15"", ""3"", ""0"", ""1"", ""0"", ""=SUM(B7:G7)"", ""Tumors"", """", """", """", """", """", """", """", """", """", """", """", """"]"
2022-Chapter-IV-Health-Activities.xlsx,52,8,"[""جراحة عظام"", ""15"", ""15"", ""5"", ""0"", ""0"", ""0"", ""=SUM(B8:G8)"", ""Orthopedic Surgery"", """", """", """", """", """", """", """", """", """", """", """", """"]"
2022-Chapter-IV-Health-Activities.xlsx,52,9,"[""زراعة قلب / رئة"", ""17"", ""0"", ""0"", ""0"", ""0"", ""0"", ""=SUM(B9:G9)"", ""Organ Transplantation"", """", """", """", """", """", """", """", """", """", """", """", """"]"
2022-Chapter-IV-Health-Activities.xlsx,52,10,"[""الأذن والأنف والحنجرة"", ""5"", ""1"", ""10"", ""1"", ""0"", ""0"", ""=SUM(B10:G10)"", ""ENT"", """", """", """", """", """", """", """", """", """", """", """", """"]"
2022-Chapter-IV-Health-Activities.xlsx,52,11,"[""الجراحة العامة"", ""4"", ""1"", ""9"", ""0"", ""0"", ""0"", ""=SUM(B11:G11)"", ""General Surgery"", """", """", """", """", """", """", """", """", """", """", """", """"]"
2022-Chapter-IV-Health-Activities.xlsx,52,12,"[""طب وجراحة القلب"", ""9"", ""0"", ""0"", ""1"", ""0"", ""0"", ""=SUM(B12:G12)"", ""Cardiology & Cardiac Surgery"", """", """", """", """", """", """", """", """", """", """", """", """"]"
2022-Chapter-IV-Health-Activities.xlsx,52,13,"[""زراعة نخاع"", ""6"", ""2"", ""0"", ""0"", ""0"", ""0"", ""=SUM(B13:G13)"", ""Bone Marrow Transplant"", """", """", """", """", """", """", """", """", """", """", """", """"]"
2022-Chapter-IV-Health-Activities.xlsx,52,14,"[""التأهيل الطبي / الأعصاب"", ""5"", ""1"", ""1"", ""0"", ""1"", ""1"", ""=SUM(B14:D14)"", ""Medical Rehabilitation"", """", """", """", """", """", """", """", """", """", """", """", """"]"
2022-Chapter-IV-Health-Activities.xlsx,52,15,"[""طب وجراحة العيون"", ""1"", ""0"", ""4"", ""0"", ""0"", ""2"", ""=SUM(B15:G15)"", ""Ophthalmology"", """", """", """", """", """", """", """", """", """", """", """", """"]"
2022-Chapter-IV-Health-Activities.xlsx,52,16,"[""مسالك بولية"", ""1"", ""0"", ""4"", ""0"", ""0"", ""0"", ""=SUM(B16:G16)"", ""Urology"", """", """", """", """", """", """", """", """", """", """", """", """"]"
2022-Chapter-IV-Health-Activities.xlsx,52,17,"[""جراحة عمود فقري"", ""3"", ""1"", ""0"", ""0"", ""0"", ""0"", ""=SUM(B17:G17)"", ""Spinal Surgery"", """", """", """", """", """", """", """", """", """", """", """", """"]"
2022-Chapter-IV-Health-Activities.xlsx,52,18,"[""جراحة أعصاب"", ""1"", ""0"", ""3"", ""0"", ""0"", ""0"", ""=SUM(B18:G18)"", ""Neurosurgery"", """", """", """", """", """", """", """", """", """", """", """", """"]"
2022-Chapter-IV-Health-Activities.xlsx,52,19,"[""أمراض الأطفال"", ""1"", ""0"", ""1"", ""0"", ""0"", ""0"", ""=SUM(B19:E19)"", ""Pediatrics"", """", """", """", """", """", """", """", """", """", """", """", """"]"
2022-Chapter-IV-Health-Activities.xlsx,52,20,"[""الباطنة العامة"", ""2"", ""0"", ""0"", ""0"", ""0"", ""0"", ""=SUM(B20:D20)"", ""Internal Medicine"", """", """", """", """", """", """", """", """", """", """", """", """"]"
statistical-yearbook-2021-chapter-II-health-resources.xlsx,2.43,1,"[""مستشفيات وزارة الصحة المعتمدة من المجلس المركزي لاعتماد المنشآت الصحية."", """", """", """", """", """", """", """", """", """", """", """", """", """", """", """", """", """", """", """", """", """", """", """", """", """", """", """", """", """", """", """"]"
statistical-yearbook-2021-chapter-II-health-resources.xlsx,2.43,2,"[""CBAHI Accredited MoH Hospitals."", """", """", """", """", """", """", """", """", """", """", """", """", """", """", """", """", """", """", """", """", """", """", """", """", """", """", """", """", """", """", """"]"
statistical-yearbook-2021-chapter-II-health-resources.xlsx,2.43,3,"[""جدول  2-43"", """", """", ""Table 2-43"", """", """", """", """", """", """", """", """", """", """", """", """", """", """", """", """", """", """", """", """", """", """", """", """", """", """", """", """"]"
statistical-yearbook-2021-chapter-II-health-resources.xlsx,2.43,4,"[""المنطقة الصحية"", ""المستشفى"", """", ""Hospital Name"", ""تاريخ الاعتماد\nDate of Accriditation"", ""Health Region"", """", """", """", """", """", """", """", """", """", """", """", """", """", """", """", """", """", """", """", """", """", """", """", """", """", """"]"
statistical-yearbook-2021-chapter-II-health-resources.xlsx,2.43,5,"[""الرياض"", ""1"", ""مستشفى الأمير محمد بن عبدالعزيز"", ""Prince Mohammad Bin Abdulaziz Hospital"", ""2019"", ""Riyadh"", """", """", """", """", """", """", """", """", """", """", """", """", """", """", """", """", """", """", """", """", """", """", """", """", """", """"]"
statistical-yearbook-2021-chapter-II-health-resources.xlsx,2.43,6,"["""", ""2"", ""مستشفى الملك خالد بالخرج"", ""King Khalid Hospital Al-Kharj"", ""2019"", """", """", """", """", """", """", """", """", """", """", """", """", """", """", """", """", """", """", """", """", """", """", """", """", """", """", """"]"
statistical-yearbook-2021-chapter-II-health-resources.xlsx,2.43,7,"["""", ""3"", ""مستشفى الولادة والأطفال بالخرج"", ""Maternity Hospital - Al-Kharj"", ""2019"", """", """", """", """", """", """", """", """", """", """", """", """", """", """", """", """", """", """", """", """", """", """", """", """", """", """", """"]"
statistical-yearbook-2021-chapter-II-health-resources.xlsx,2.43,8,"["""", ""4"", ""مستشفى الإيمان العام"", ""Al Iman General Hospital"", ""2019"", """", """", """", """", """", """", """", """", """", """", """", """", """", """", """", """", """", """", """", """", """", """", """", """", """", """", """"]"
statistical-yearbook-2021-chapter-II-health-resources.xlsx,2.43,9,"["""", ""5"", ""مستشفى الدوادمي العام"", ""Dawadmi General Hospital"", ""2019"", """", """", """", """", """", """", """", """", """", """", """", """", """", """", """", """", """", """", """", """", """", """", """", """", """", """", """"]"
statistical-yearbook-2021-chapter-II-health-resources.xlsx,2.43,10,"["""", ""6"", ""مستشفى القويعية العام"", ""Quwaiya General Hospital"", ""2019"", """", """", """", """", """", """", """", """", """", """", """", """", """", """", """", """", """", """", """", """", """", """", """", """", """", """", """"]"
statistical-yearbook-2021-chapter-II-health-resources.xlsx,2.43,11,"["""", ""7"", ""مدينة الملك سعود الطبية"", ""King Saud Medical City"", ""2020"", """", """", """", """", """", """", """", """", """", """", """", """", """", """", """", """", """", """", """", """", """", """", """", """", """", """", """"]"
statistical-yearbook-2021-chapter-II-health-resources.xlsx,2.43,12,"["""", ""8"", ""مدينة الملك فهد الطبية"", ""King Fahad Medical City"", ""2020"", """", """", """", """", """", """", """", """", """", """", """", """", """", """", """", """", """", """", """", """", """", """", """", """", """", """", """"]"
statistical-yearbook-2021-chapter-II-health-resources.xlsx,2.43,13,"["""", ""9"", ""مستشفى الملك سلمان"", ""King Salman Hospital"", ""2020"", """", """", """", """", """", """", """", """", """", """", """", """", """", """", """", """", """", """", """", """", """", """", """", """", """", """", """"]"
statistical-yearbook-2021-chapter-II-health-resources.xlsx,2.43,14,"["""", ""10"", ""مستشفى الإمام عبدالرحمن الفيصل"", ""Imam Abdulrahman Alfaisal Hospital"", ""2020"", """", """", """", """", """", """", """", """", """", """", """", """", """", """", """", """", """", """", """", """", """", """", """", """", """", """", """"]"
statistical-yearbook-2021-chapter-II-health-resources.xlsx,2.43,15,"["""", ""11"", ""مستشفى شقراء العام"", ""Shagra General Hospital"", ""2021"", """", """", """", """", """", """", """", """", """", """", """", """", """", """", """", """", """", """", """", """", """", """", """", """", """", """", """"]"
statistical-yearbook-2021-chapter-II-health-resources.xlsx,2.43,16,"["""", ""12"", ""مستشفى الملك خالد التخصصي للعيون"", ""King Khaled Eye Specialist Hospital"", ""2021"", """", """", """", """", """", """", """", """", """", """", """", """", """", """", """", """", """", """", """", """", """", """", """", """", """", """", """"]"
statistical-yearbook-2021-chapter-II-health-resources.xlsx,2.43,17,"["""", ""13"", ""مستشفى اليمامة"", ""Al-Yamama Hospital"", ""2021"", """", """", """", """", """", """", """", """", """", """", """", """", """", """", """", """", """", """", """", """", """", """", """", """", """", """", """"]"
statistical-yearbook-2021-chapter-II-health-resources.xlsx,2.43,18,"[""العاصمة المقدسة"", ""14"", ""مستشفى الملك عبد العزيز"", ""King Abdulaziz  Hospital"", ""2019"", ""The Holy Capital"", """", """", """", """", """", """", """", """", """", """", """", """", """", """", """", """", """", """", """", """", """", """", """", """", """", """"]"
statistical-yearbook-2021-chapter-II-health-resources.xlsx,2.43,19,"["""", ""15"", ""مستشفى حراء العام"", ""Herra General Hospital"", ""2020"", """", """", """", """", """", """", """", """", """", """", """", """", """", """", """", """", """", """", """", """", """", """", """", """", """", """", """"]"
statistical-yearbook-2021-chapter-II-health-resources.xlsx,2.43,20,"["""", ""16"", ""مستشفى الولادة والأطفال"", ""Maternity & Children Hospital"", ""2020"", """", """", """", """", """", """", """", """", """", """", """", """", """", """", """", """", """", """", """", """", """", """", """", """", """", """", """"]"
statistical-yearbook-2021-chapter-II-health-resources.xlsx,2.44,1,"[""مستشفيات الجهات الحكومية الأخرى المعتمدة من المجلس المركزي لاعتماد المنشآت الصحية"", """", """", """", """", """", """", """", """", """", """", """", """", """", """", """", """", """", """", """", """", """", """", """", """", """", """", """", """", """", """", """"]"
statistical-yearbook-2021-chapter-II-health-resources.xlsx,2.44,2,"[""CBAHI Accredited Other Governmental Sector Hospitals"", """", """", """", """", """", """", """", """", """", """", """", """", """", """", """", """", """", """", """", """", """", """", """", """", """", """", """", """", """", """", """"]"
statistical-yearbook-2021-chapter-II-health-resources.xlsx,2.44,3,"[""جدول  2-44"", """", """", ""Table 2-44"", """", """", """", """", """", """", """", """", """", """", """", """", """", """", """", """", """", """", """", """", """", """", """", """", """", """", """", """"]"
statistical-yearbook-2021-chapter-II-health-resources.xlsx,2.44,4,"[""المنطقة الصحية"", ""المستشفى"", """", ""Hospital Name"", ""تاريخ الاعتماد\nDate of Accriditation"", ""Health Region"", """", """", """", """", """", """", """", """", """", """", """", """", """", """", """", """", """", """", """", """", """", """", """", """", """", """"]"
statistical-yearbook-2021-chapter-II-health-resources.xlsx,2.44,5,"[""الرياض"", ""1"", ""مستشفى الملك فيصل التخصصي ومركز الأبحاث"", ""King Faisal Specialist Hospital and Research Center"", ""2019"", ""Riyadh"", """", """", """", """", """", """", """", """", """", """", """", """", """", """", """", """", """", """", """", """", """", """", """", """", """", """"]"
statistical-yearbook-2021-chapter-II-health-resources.xlsx,2.44,6,"["""", ""2"", ""مستشفى القوات المسلحة بالمصانع الحربية بالخرج"", ""Armed Forces Hospital in the military factories, Al-Kharj"", ""2019"", """", """", """", """", """", """", """", """", """", """", """", """", """", """", """", """", """", """", """", """", """", """", """", """", """", """", """"]"
statistical-yearbook-2021-chapter-II-health-resources.xlsx,2.44,7,"["""", ""3"", ""مدينة الأمير سلطان الطبية العسكرية"", ""PRINCE SULTAN MILITARY MEDICAL CITY"", ""2020"", """", """", """", """", """", """", """", """", """", """", """", """", """", """", """", """", """", """", """", """", """", """", """", """", """", """", """"]"
statistical-yearbook-2021-chapter-II-health-resources.xlsx,2.44,8,"["""", ""4"", ""مستشفى الملك خالد الجامعي بالرياض"", ""King Khalid University Hospital - Riyadh"", ""2021"", """", """", """", """", """", """", """", """", """", """", """", """", """", """", """", """", """", """", """", """", """", """", """", """", """", """", """"]"
statistical-yearbook-2021-chapter-II-health-resources.xlsx,2.44,9,"["""", ""5"", ""مستشفى الملك عبدالله بن عبدالعزيز بجامعة الأميرة نورة- الرياض"", ""King Abdullah Bin Abdulaziz University Hospital - Riyadh"", ""2021"", """", """", """", """", """", """", """", """", """", """", """", """", """", """", """", """", """", """", """", """", """", """", """", """", """", """", """"]"
statistical-yearbook-2021-chapter-II-health-resources.xlsx,2.44,10,"["""", ""6"", ""مستشفى قوى الأمن"", ""Security Forces Hospital"", ""2021"", """", """", """", """", """", """", """", """", """", """", """", """", """", """", """", """", """", """", """", """", """", """", """", """", """", """", """"]"
statistical-yearbook-2021-chapter-II-health-resources.xlsx,2.44,11,"["""", ""7"", ""مستشفى الملك عبد العزيز الجامعي - الرياض"", ""King Abdulaziz University Hospital - Riyadh"", ""2021"", """", """", """", """", """", """", """", """", """", """", """", """", """", """", """", """", """", """", """", """", """", """", """", """", """", """", """"]"
statistical-yearbook-2021-chapter-II-health-resources.xlsx,2.44,12,"["""", ""8"", ""مستشفى الأمن المركزي -الرياض"", ""Central Security Hospital  - Riyadh"", ""2021"", """", """", """", """", """", """", """", """", """", """", """", """", """", """", """", """", """", """", """", """", """", """", """", """", """", """", """"]"
statistical-yearbook-2021-chapter-II-health-resources.xlsx,2.44,13,"["""", ""9"", ""مدينة الملك عبد العزيز الطبية -الرياض"", ""King Abdulaziz Medical City- Riyadh"", ""2021"", """", """", """", """", """", """", """", """", """", """", """", """", """", """", """", """", """", """", """", """", """", """", """", """", """", """", """"]"
statistical-yearbook-2021-chapter-II-health-resources.xlsx,2.44,14,"[""العاصمة المقدسة"", ""10"", ""مستشفى قوى الأمن"", ""Security Forces Hospital"", ""2020"", ""The Holy Capital"", """", """", """", """", """", """", """", """", """", """", """", """", """", """", """", """", """", """", """", """", """", """", """", """", """", """"]"
statistical-yearbook-2021-chapter-II-health-resources.xlsx,2.44,15,"[""جدة"", ""11"", ""مستشفى الملك فهد للقوات المسلحة بجدة"", ""King Fahad Armed Forces Hospital- Jeddah"", ""2021"", ""Jeddah"", """", """", """", """", """", """", """", """", """", """", """", """", """", """", """", """", """", """", """", """", """", """", """", """", """", """"]"
statistical-yearbook-2021-chapter-II-health-resources.xlsx,2.44,16,"["""", ""12"", ""مستشفى الامن المركزي بجدة"", ""Central Security Hospital -Jeddah"", ""2021"", """", """", """", """", """", """", """", """", """", """", """", """", """", """", """", """", """", """", """", """", """", """", """", """", """", """", """"]"
statistical-yearbook-2021-chapter-II-health-resources.xlsx,2.44,17,"["""", ""13"", ""مدينة الملك عبد العزيز الطبية- جدة"", ""King Abdulaziz Medical City- Jeddah"", ""2021"", """", """", """", """", """", """", """", """", """", """", """", """", """", """", """", """", """", """", """", """", """", """", """", """", """", """", """"]"
statistical-yearbook-2021-chapter-II-health-resources.xlsx,2.44,18,"["""", ""14"", ""مستشفى الملك عبد العزيز الجامعي - جدة"", ""King Abdulaziz University Hospital - Jeddah"", ""2019"", """", """", """", """", """", """", """", """", """", """", """", """", """", """", """", """", """", """", """", """", """", """", """", """", """", """", """"]"
statistical-yearbook-2021-chapter-II-health-resources.xlsx,2.44,19,"["""", ""15"", ""مستشفى الملك فيصل التخصصي ومركز الأبحاث"", ""King Faisal Specialist Hospital and Research Center"", ""2019"", """", """", """", """", """", """", """", """", """", """", """", """", """", """", """", """", """", """", """", """", """", """", """", """", """", """", """"]"
statistical-yearbook-2021-chapter-II-health-resources.xlsx,2.44,20,"[""الطائف"", ""16"", ""مستشفى الأمير منصور العسكري"", ""Prince Mansour Military Hospital"", ""2021"", ""Ta'if"", """", """", """", """", """", """", """", """", """", """", """", """", """", """", """", """", """", """", """", """", """", """", """", """", """", """"]"
statistical-yearbook-2021-chapter-IV-health-activities.xlsx,7,1,"[""مراكز الإسعاف والسيارات التابعة لهيئة الهلال الأحمر السعودي حسب المنطقة الإدارية  عام 2021م."", """", """", """", """", """", """"]"
statistical-yearbook-2021-chapter-IV-health-activities.xlsx,7,2,"[""First Aid Centers and Ambulances of the Saudi Red Crescent Authority  by Administrative Region, 2021G."", """", """", """", """", """", """"]"
statistical-yearbook-2021-chapter-IV-health-activities.xlsx,7,3,"[""جدول 4-7"", """", """", ""Table 4-7"", """", """", """"]"
statistical-yearbook-2021-chapter-IV-health-activities.xlsx,7,4,"[""المنطقة الإدارية"", ""الحالات التي تم إسعافها ونقلها للمستشفيات"", ""مراكزالإسعاف"", """", ""سيارات الإسعاف"", """", ""Administrative Region""]"
statistical-yearbook-2021-chapter-IV-health-activities.xlsx,7,5,"["""", """", ""First aid centers"", """", ""Ambulances"", """", """"]"
statistical-yearbook-2021-chapter-IV-health-activities.xlsx,7,6,"["""", ""Cases offered first aid, Transported to hospitals"", ""عدد المراكز"", ""متوسط عدد الحالات للمركز"", ""عدد السيارت"", ""متوسط عدد الحالات للسيارة"", """"]"
statistical-yearbook-2021-chapter-IV-health-activities.xlsx,7,7,"["""", """", ""No. of   centers"", ""Average No. of Cases/center"", ""No .of Ambulances"", ""Average No. of cases / Ambulance"", """"]"
statistical-yearbook-2021-chapter-IV-health-activities.xlsx,7,8,"[""الرياض"", ""113204"", ""112"", ""=B8/C8"", ""286"", ""=B8/E8"", ""Riyadh""]"
statistical-yearbook-2021-chapter-IV-health-activities.xlsx,7,9,"[""مكة المكرمة"", ""130593"", ""98"", ""=B9/C9"", ""280"", ""=B9/E9"", ""Makkah""]"
statistical-yearbook-2021-chapter-IV-health-activities.xlsx,7,10,"[""المدينة المنورة"", ""35443"", ""37"", ""=B10/C10"", ""66"", ""=B10/E10"", ""Medinah""]"
statistical-yearbook-2021-chapter-IV-health-activities.xlsx,7,11,"[""القصيم"", ""23188"", ""29"", ""=B11/C11"", ""89"", ""=B11/E11"", ""Qaseem""]"
statistical-yearbook-2021-chapter-IV-health-activities.xlsx,7,12,"[""الشرقية"", ""52092"", ""67"", ""=B12/C12"", ""194"", ""=B12/E12"", ""Eastern""]"
statistical-yearbook-2021-chapter-IV-health-activities.xlsx,7,13,"[""عسير"", ""33577"", ""41"", ""=B13/C13"", ""122"", ""=B13/E13"", ""Aseer""]"
statistical-yearbook-2021-chapter-IV-health-activities.xlsx,7,14,"[""تبوك"", ""14014"", ""26"", ""=B14/C14"", ""72"", ""=B14/E14"", ""Tabouk""]"
statistical-yearbook-2021-chapter-IV-health-activities.xlsx,7,15,"[""حائل"", ""12271"", ""16"", ""=B15/C15"", ""54"", ""=B15/E15"", ""Ha`il""]"
statistical-yearbook-2021-chapter-IV-health-activities.xlsx,7,16,"[""الحدود الشمالية"", ""5338"", ""14"", ""=B16/C16"", ""45"", ""=B16/E16"", ""Northern""]"
statistical-yearbook-2021-chapter-IV-health-activities.xlsx,7,17,"[""جازان"", ""16447"", ""23"", ""=B17/C17"", ""58"", ""=B17/E17"", ""Jazan""]"
statistical-yearbook-2021-chapter-IV-health-activities.xlsx,7,18,"[""نجران"", ""6490"", ""15"", ""=B18/C18"", ""55"", ""=B18/E18"", ""Najran""]"
statistical-yearbook-2021-chapter-IV-health-activities.xlsx,7,19,"[""الباحة"", ""7902"", ""16"", ""=B19/C19"", ""43"", ""=B19/E19"", ""Al-Bahah""]"
statistical-yearbook-2021-chapter-IV-health-activities.xlsx,7,20,"[""الجوف"", ""7890"", ""14"", ""=B20/C20"", ""40"", ""=B20/E20"", ""Al-Jouf""]"
statistical-yearbook-2021-chapter-IV-health-activities.xlsx,47,1,"[""أنشطة بنوك الدم بوزارة الصحة حسب المنطقة الصحية عام 2021م."", """", """", """", """", """", """", """"]"
statistical-yearbook-2021-chapter-IV-health-activities.xlsx,47,2,"[""Activities at MoH Blood Banks ,  by Health Region, 2021G."", """", """", """", """", """", """", """"]"
statistical-yearbook-2021-chapter-IV-health-activities.xlsx,47,3,"[""جدول 4-47"", """", """", ""Table 4-47"", """", """", """", """"]"
statistical-yearbook-2021-chapter-IV-health-activities.xlsx,47,4,"[""المنطقة الصحية"", ""عدد الفحوصات لنقل الدم"", ""عدد فحوصات الأمراض المعدية"", ""إجمالي الفحوص"", ""عدد وحدات الدم المتبرع بها"", ""عدد وحدات الدم المنقولة للمرضى"", ""Health Region"", """"]"
statistical-yearbook-2021-chapter-IV-health-activities.xlsx,47,5,"["""", ""No. of investigations for blood transfusion"", ""No. of investigations for infectious diseases"", ""Total investigations"", ""No. of collected blood units"", ""No. of transfused blood units"", """", """"]"
statistical-yearbook-2021-chapter-IV-health-activities.xlsx,47,6,"[""الرياض"", ""884526"", ""430837"", ""=SUM(B6:C6)"", ""17946"", ""21329"", ""Riyadh"", """"]"
statistical-yearbook-2021-chapter-IV-health-activities.xlsx,47,7,"[""العاصمة المقدسة"", ""233204"", ""380631"", ""=SUM(B7:C7)"", ""19878"", ""40871"", ""The Holy Capital"", """"]"
statistical-yearbook-2021-chapter-IV-health-activities.xlsx,47,8,"[""جدة"", ""301046"", ""288991"", ""=SUM(B8:C8)"", ""42258"", ""77954"", ""Jeddah"", """"]"
statistical-yearbook-2021-chapter-IV-health-activities.xlsx,47,9,"[""الطائف"", ""259431"", ""137062"", ""=SUM(B9:C9)"", ""7437"", ""15652"", ""Ta`if"", """"]"
statistical-yearbook-2021-chapter-IV-health-activities.xlsx,47,10,"[""المدينة المنورة"", ""171235"", ""65290"", ""=SUM(B10:C10)"", ""15005"", ""42607"", ""Medinah"", """"]"
statistical-yearbook-2021-chapter-IV-health-activities.xlsx,47,11,"[""القصيم"", ""200534"", ""118985"", ""=SUM(B11:C11)"", ""20793"", ""25482"", ""Qaseem"", """"]"
statistical-yearbook-2021-chapter-IV-health-activities.xlsx,47,12,"[""الشرقية"", ""227735"", ""150847"", ""=SUM(B12:C12)"", ""6402"", ""20322"", ""Eastern"", """"]"
statistical-yearbook-2021-chapter-IV-health-activities.xlsx,47,13,"[""الأحساء"", ""165917"", ""123158"", ""=SUM(B13:C13)"", ""20885"", ""26802"", ""Al-Ahsa"", """"]"
statistical-yearbook-2021-chapter-IV-health-activities.xlsx,47,14,"[""حفر الباطن"", ""43790"", ""20356"", ""=SUM(B14:C14)"", ""4706"", ""7758"", ""Hafr Al-Baten"", """"]"
statistical-yearbook-2021-chapter-IV-health-activities.xlsx,47,15,"[""عسير"", ""186898"", ""140220"", ""=SUM(B15:C15)"", ""21653"", ""36102"", ""Aseer"", """"]"
statistical-yearbook-2021-chapter-IV-health-activities.xlsx,47,16,"[""بيشة"", ""7491"", ""11844"", ""=SUM(B16:C16)"", ""1435"", ""1485"", ""Bishah"", """"]"
statistical-yearbook-2021-chapter-IV-health-activities.xlsx,47,17,"[""تبوك"", ""189331"", ""85361"", ""=SUM(B17:C17)"", ""10635"", ""11081"", ""Tabouk"", """"]"
statistical-yearbook-2021-chapter-IV-health-activities.xlsx,47,18,"[""حائل"", ""34611"", ""23896"", ""=SUM(B18:C18)"", ""6287"", ""9847"", ""Ha`il"", """"]"
statistical-yearbook-2021-chapter-IV-health-activities.xlsx,47,19,"[""الحدود الشمالية"", ""29183"", ""21497"", ""=SUM(B19:C19)"", ""1167"", ""1500"", ""Northern"", """"]"
statistical-yearbook-2021-chapter-IV-health-activities.xlsx,47,20,"[""جازان"", ""219939"", ""135017"", ""=SUM(B20:C20)"", ""32449"", ""44099"", ""Jazan"", """"]"
statistical-yearbook-2021-chapter-IV-health-activities.xlsx,48,1,"[""أنشطة بنوك الدم بوزارة الصحة في الأعوام الخمسة الأخيرة"", """", """", """", """", """", """", """", """", """", """", """", """", """", """", """", """", """", """", """", """", """", """"]"
statistical-yearbook-2021-chapter-IV-health-activities.xlsx,48,2,"[""Activities at MoH  Blood Banks  in the last Five Years"", """", """", """", """", """", """", """", """", """", """", """", """", """", """", """", """", """", """", """", """", """", """"]"
statistical-yearbook-2021-chapter-IV-health-activities.xlsx,48,3,"[""جدول 4-48"", """", """", ""Table 4-48"", """", """", """", """", """", """", """", """", """", """", """", """", """", """", """", """", """", """", """"]"
statistical-yearbook-2021-chapter-IV-health-activities.xlsx,48,4,"[""النشاط"", ""2017G"", ""2018G"", ""2019G"", ""2020G"", ""2021G"", ""Activity"", """", """", """", """", """", """", """", """", """", """", """", """", """", """", """", """"]"
statistical-yearbook-2021-chapter-IV-health-activities.xlsx,48,5,"[""عدد الفحوص"", ""4341350"", ""5046231"", ""5017427"", ""4168172"", ""5813893"", ""No. of  Investigations"", """", """", """", """", """", """", """", """", """", """", """", """", """", """", """", """"]"
statistical-yearbook-2021-chapter-IV-health-activities.xlsx,48,6,"[""عدد وحدات الدم المتبرع بها"", ""300593"", ""375352"", ""388814"", ""252323"", ""257693"", ""No. of  Collected Blood Units"", """", """", """", """", """", """", """", """", """", """", """", """", """", """", """", """"]"
statistical-yearbook-2021-chapter-IV-health-activities.xlsx,48,7,"[""عدد وحدات الدم المنقولة للمرضى"", ""451835"", ""496343"", ""559755"", ""445247"", ""423632"", ""No. of Transfused Blood Units"", """", """", """", """", """", """", """", """", """", """", """", """", """", """", """", """"]"
statistical-yearbook-2021-chapter-IV-health-activities.xlsx,48,8,"["""", """", """", """", """", """", """", """", """", """", """", """", """", """", """", """", """", """", """", """", """", """", """"]"
statistical-yearbook-2021-chapter-IV-health-activities.xlsx,48,9,"["""", """", """", """", """", """", """", """", """", """", """", """", """", """", """", """", """", """", """", """", """", """", """"]"
statistical-yearbook-2021-chapter-IV-health-activities.xlsx,54,1,"[""الحالات التي أرسلت للعلاج بالخارج من قبل الهيئات الطبية حسب الدولة والحالة الطبية عام  2021م."", """", """", """", """", """", """", """", """", """", """", """", """", """", """", """", """", """", """", """", """", """", """", """", """", """", """", """", """", """"]"
statistical-yearbook-2021-chapter-IV-health-activities.xlsx,54,2,"[""Cases Referred  Abroad for Treatment by  Specialty and Country, 2021G."", """", """", """", """", """", """", """", """", """", """", """", """", """", """", """", """", """", """", """", """", """", """", """", """", """", """", """", """", """"]"
statistical-yearbook-2021-chapter-IV-health-activities.xlsx,54,3,"[""جدول 4-54"", """", """", ""Table 4-54"", """", """", """", """", """", """", """", """", """", """", """", """", """", """", """", """", """", """", """", """", """", """", """", """", """", """"]"
statistical-yearbook-2021-chapter-IV-health-activities.xlsx,54,4,"[""التخصص"", ""أمريكا"", ""ألمانيا"", ""بريطانيا"", ""إيطاليا"", ""فرنسا"", ""اسبانيا"", ""الإجمالي"", ""Specialty"", """", """", """", """", """", """", """", """", """", """", """", """", """", """", """", """", """", """", """", """", """"]"
statistical-yearbook-2021-chapter-IV-health-activities.xlsx,54,5,"["""", ""USA"", ""Germany"", ""UK"", ""Italy"", ""France"", ""Spain"", ""Total"", """", """", """", """", """", """", """", """", """", """", """", """", """", """", """", """", """", """", """", """", """", """"]"
statistical-yearbook-2021-chapter-IV-health-activities.xlsx,54,6,"[""الأورام"", ""19"", ""2"", ""4"", ""0"", ""0"", ""0"", ""=SUM(B6:G6)"", ""Tumors"", """", """", """", """", """", """", """", """", """", """", """", """", """", """", """", """", """", """", """", """", """"]"
statistical-yearbook-2021-chapter-IV-health-activities.xlsx,54,7,"[""التأهيل الطبي / الأعصاب"", ""2"", ""3"", ""2"", ""0"", ""0"", ""0"", ""=SUM(B7:D7)"", ""Medical Rehabilitation"", """", """", """", """", """", """", """", """", """", """", """", """", """", """", """", """", """", """", """", """", """"]"
statistical-yearbook-2021-chapter-IV-health-activities.xlsx,54,8,"[""الجراحة العامة"", ""2"", ""0"", ""0"", ""0"", ""0"", ""0"", ""=SUM(B8:G8)"", ""General Surgery"", """", """", """", """", """", """", """", """", """", """", """", """", """", """", """", """", """", """", """", """", """"]"
statistical-yearbook-2021-chapter-IV-health-activities.xlsx,54,9,"[""أمراض الأطفال"", ""1"", ""0"", ""0"", ""1"", ""0"", ""0"", ""=SUM(B9:E9)"", ""Pediatrics"", """", """", """", """", """", """", """", """", """", """", """", """", """", """", """", """", """", """", """", """", """"]"
statistical-yearbook-2021-chapter-IV-health-activities.xlsx,54,10,"[""الباطنة العامة"", ""3"", ""0"", ""0"", ""0"", ""0"", ""0"", ""=SUM(B10:D10)"", ""Internal Medicine"", """", """", """", """", """", """", """", """", """", """", """", """", """", """", """", """", """", """", """", """", """"]"
statistical-yearbook-2021-chapter-IV-health-activities.xlsx,54,11,"[""طب وجراحة القلب"", ""11"", ""1"", ""0"", ""0"", ""0"", ""0"", ""=SUM(B11:G11)"", ""Cardiology & Cardiac Surgery"", """", """", """", """", """", """", """", """", """", """", """", """", """", """", """", """", """", """", """", """", """"]"
statistical-yearbook-2021-chapter-IV-health-activities.xlsx,54,12,"[""جراحة تجميل ( ترميم )"", ""8"", ""6"", ""7"", ""0"", ""5"", ""0"", ""=SUM(B12:G12)"", ""Plastic and reconstructive surgery"", """", """", """", """", """", """", """", """", """", """", """", """", """", """", """", """", """", """", """", """", """"]"
statistical-yearbook-2021-chapter-IV-health-activities.xlsx,54,13,"[""جراحة عمود فقري"", ""3"", ""0"", ""0"", ""0"", ""0"", ""0"", ""=SUM(B13:G13)"", ""Spinal surgery"", """", """", """", """", """", """", """", """", """", """", """", """", """", """", """", """", """", """", """", """", """"]"
statistical-yearbook-2021-chapter-IV-health-activities.xlsx,54,14,"[""أمراض دم"", ""1"", ""0"", ""1"", ""0"", ""0"", ""0"", ""=SUM(B14:G14)"", ""Hematology"", """", """", """", """", """", """", """", """", """", """", """", """", """", """", """", """", """", """", """", """", """"]"
statistical-yearbook-2021-chapter-IV-health-activities.xlsx,54,15,"[""جراحة عظام"", ""7"", ""7"", ""2"", ""0"", ""0"", ""0"", ""=SUM(B15:G15)"", ""orthopedic surgery"", """", """", """", """", """", """", """", """", """", """", """", """", """", """", """", """", """", """", """", """", """"]"
statistical-yearbook-2021-chapter-IV-health-activities.xlsx,54,16,"[""جراحة أعصاب"", ""1"", ""0"", ""1"", ""0"", ""0"", ""0"", ""=SUM(B16:G16)"", ""Neurosurgery"", """", """", """", """", """", """", """", """", """", """", """", """", """", """", """", """", """", """", """", """", """"]"
statistical-yearbook-2021-chapter-IV-health-activities.xlsx,54,17,"[""مسالك بولية"", ""1"", ""1"", ""7"", ""0"", ""1"", ""0"", ""=SUM(B17:G17)"", ""Urology"", """", """", """", """", """", """", """", """", """", """", """", """", """", """", """", """", """", """", """", """", """"]"
statistical-yearbook-2021-chapter-IV-health-activities.xlsx,54,18,"[""زراعة نخاع"", ""2"", ""0"", ""8"", ""0"", ""0"", ""0"", ""=SUM(B18:G18)"", ""Bone Marrow Transplant"", """", """", """", """", """", """", """", """", """", """", """", """", """", """", """", """", """", """", """", """", """"]"
statistical-yearbook-2021-chapter-IV-health-activities.xlsx,54,19,"[""زراعة قلب / رئة"", ""14"", ""0"", ""1"", ""0"", ""0"", ""0"", ""=SUM(B19:G19)"", ""Organ Transplantation"", """", """", """", """", """", """", """", """", """", """", """", """", """", """", """", """", """", """", """", """", """"]"
statistical-yearbook-2021-chapter-IV-health-activities.xlsx,54,20,"[""طب وجراحة العيون"", ""0"", ""0"", ""2"", ""0"", ""0"", ""1"", ""=SUM(B20:G20)"", ""Ophthalmology"", """", """", """", """", """", """", """", """", """", """", """", """", """", """", """", """", """", """", """", """", """"]"
Statistical-Yearbook-2023.xlsx,51,1,"[""مستشفيات وزارة الصحة المعتمدة من المركز السعودي لاعتماد المنشآت الصحية."", """", """", """", """", """", """", """", """", """"]"
Statistical-Yearbook-2023.xlsx,51,2,"[""CBAHI Accredited MoH Hospitals."", """", """", """", """", """", """", """", """", """"]"
Statistical-Yearbook-2023.xlsx,51,3,"[""جدول  2-51"", """", """", ""Table 2-51"", """", """", """", """", """", """"]"
Statistical-Yearbook-2023.xlsx,51,4,"[""المنطقة الصحية"", ""المستشفى"", """", ""Hospital Name"", ""تاريخ الاعتماد\nDate of Accriditation"", ""Health Region"", """", """", """", """"]"
Statistical-Yearbook-2023.xlsx,51,5,"[""الرياض"", ""1"", ""مستشفى الأمير محمد بن عبدالعزيز"", ""Prince Mohammad Bin Abdulaziz Hospital"", ""2022"", ""Riyadh"", """", """", """", """"]"
Statistical-Yearbook-2023.xlsx,51,6,"["""", ""2"", ""مستشفى الملك خالد بالخرج"", ""King Khalid Hospital Al-Kharj"", ""2023"", """", """", """", """", """"]"
Statistical-Yearbook-2023.xlsx,51,7,"["""", ""3"", ""مستشفى الولادة والأطفال بالخرج"", ""Maternity Hospital - Al-Kharj"", ""2022"", """", """", """", """", """"]"
Statistical-Yearbook-2023.xlsx,51,8,"["""", ""4"", ""مستشفى الإيمان العام"", ""Al Iman General Hospital"", ""2022"", """", """", """", """", """"]"
Statistical-Yearbook-2023.xlsx,51,9,"["""", ""5"", ""مستشفى الدوادمي العام"", ""Dawadmi General Hospital"", ""2022"", """", """", """", """", """"]"
Statistical-Yearbook-2023.xlsx,51,10,"["""", ""6"", ""مستشفى الأفلاج العام"", ""Alaflaj General Hospital"", ""2023"", """", """", """", """", """"]"
Statistical-Yearbook-2023.xlsx,51,11,"["""", ""7"", ""مستشفى الدرعية"", ""Ad Diriyah hospital"", ""2022"", """", """", """", """", """"]"
Statistical-Yearbook-2023.xlsx,51,12,"["""", ""8"", ""مستشفى الزلفي العام"", ""Al Zulfi General Hospital"", ""2021"", """", """", """", """", """"]"
Statistical-Yearbook-2023.xlsx,51,13,"["""", ""9"", ""مستشفى حوطة بني تميم العام"", ""Hotat Bani Tamim General Hospital"", ""2023"", """", """", """", """", """"]"
Statistical-Yearbook-2023.xlsx,51,14,"["""", ""10"", ""مستشفى القويعية العام"", ""Quwaiya General Hospital"", ""2022"", """", """", """", """", """"]"
Statistical-Yearbook-2023.xlsx,51,15,"["""", ""11"", ""مدينة الملك سعود الطبية"", ""King Saud Medical City"", ""2023"", """", """", """", """", """"]"
Statistical-Yearbook-2023.xlsx,51,16,"["""", ""12"", ""مدينة الملك فهد الطبية"", ""King Fahad Medical City"", ""2023"", """", """", """", """", """"]"
Statistical-Yearbook-2023.xlsx,51,17,"["""", ""13"", ""مستشفى الملك سلمان"", ""King Salman Hospital"", ""2023"", """", """", """", """", """"]"
Statistical-Yearbook-2023.xlsx,51,18,"["""", ""14"", ""مستشفى ثادق العام"", ""Thadiq General Hospital"", ""2023"", """", """", """", """", """"]"
Statistical-Yearbook-2023.xlsx,51,19,"["""", ""15"", ""مستشفى تميرالعام"", ""Tumier General Hospital"", ""2023"", """", """", """", """", """"]"
Statistical-Yearbook-2023.xlsx,51,20,"["""", ""16"", ""مستشفى الإمام عبدالرحمن الفيصل"", ""Imam Abdulrahman Alfaisal Hospital"", ""2022"", """", """", """", """", """"]"
Statistical-Yearbook-2023.xlsx,52,1,"[""مستشفيات الجهات الحكومية الأخرى المعتمدة من المركز السعودي لاعتماد المنشآت الصحية"", """", """", """", """", """", """", """", """", """", """", """", """", """", """", """", """", """", """", """", """", """", """", """", """", """", """", """", """", """", """"]"
Statistical-Yearbook-2023.xlsx,52,2,"[""CBAHI Accredited Other Governmental Sector Hospitals"", """", """", """", """", """", """", """", """", """", """", """", """", """", """", """", """", """", """", """", """", """", """", """", """", """", """", """", """", """", """"]"
Statistical-Yearbook-2023.xlsx,52,3,"[""جدول  2-52"", """", """", ""Table 2-52"", """", """", """", """", """", """", """", """", """", """", """", """", """", """", """", """", """", """", """", """", """", """", """", """", """", """", """"]"
Statistical-Yearbook-2023.xlsx,52,4,"[""المنطقة الصحية"", ""المستشفى"", """", ""Hospital Name"", ""تاريخ الاعتماد\nDate of Accriditation"", ""Health Region"", """", """", """", """", """", """", """", """", """", """", """", """", """", """", """", """", """", """", """", """", """", """", """", """", """"]"
Statistical-Yearbook-2023.xlsx,52,5,"[""الرياض"", ""1"", ""مستشفى الملك فيصل التخصصي ومركز الأبحاث"", ""King Faisal Specialist Hospital and Research Center"", ""2021"", ""Riyadh"", """", """", """", """", """", """", """", """", """", """", """", """", """", """", """", """", """", """", """", """", """", """", """", """", """"]"
Statistical-Yearbook-2023.xlsx,52,6,"["""", ""2"", ""مستشفى القوات المسلحة بالمصانع الحربية بالخرج"", ""Armed Forces Hospital in the military factories, Al-Kharj"", ""2022"", """", """", """", """", """", """", """", """", """", """", """", """", """", """", """", """", """", """", """", """", """", """", """", """", """", """"]"
Statistical-Yearbook-2023.xlsx,52,7,"["""", ""3"", ""مدينة الأمير سلطان الطبية العسكرية"", ""PRINCE SULTAN MILITARY MEDICAL CITY"", ""2023"", """", """", """", """", """", """", """", """", """", """", """", """", """", """", """", """", """", """", """", """", """", """", """", """", """", """"]"
Statistical-Yearbook-2023.xlsx,52,8,"["""", ""4"", ""مستشفى القوات المسلحة بوادي الدواسر"", ""Armed Forces Hospital in Wadi Al-Dawaser"", ""2021"", """", """", """", """", """", """", """", """", """", """", """", """", """", """", """", """", """", """", """", """", """", """", """", """", """", """"]"
Statistical-Yearbook-2023.xlsx,52,9,"["""", ""5"", ""مستشفى الملك خالد الجامعي بالرياض"", ""King Khalid University Hospital - Riyadh"", ""2021"", """", """", """", """", """", """", """", """", """", """", """", """", """", """", """", """", """", """", """", """", """", """", """", """", """", """"]"
Statistical-Yearbook-2023.xlsx,52,10,"["""", ""6"", ""مستشفى الملك عبدالله بن عبدالعزيز بجامعة الأميرة نورة- الرياض"", ""King Abdullah Bin Abdulaziz University Hospital - Riyadh"", ""2021"", """", """", """", """", """", """", """", """", """", """", """", """", """", """", """", """", """", """", """", """", """", """", """", """", """", """"]"
Statistical-Yearbook-2023.xlsx,52,11,"["""", ""7"", ""مستشفى قوى الأمن"", ""Security Forces Hospital- Riyadh"", ""2021"", """", """", """", """", """", """", """", """", """", """", """", """", """", """", """", """", """", """", """", """", """", """", """", """", """", """"]"
Statistical-Yearbook-2023.xlsx,52,12,"["""", ""8"", ""مستشفى الملك عبد العزيز الجامعي - الرياض"", ""King Abdulaziz University Hospital - Riyadh"", ""2021"", """", """", """", """", """", """", """", """", """", """", """", """", """", """", """", """", """", """", """", """", """", """", """", """", """", """"]"
Statistical-Yearbook-2023.xlsx,52,13,"["""", ""9"", ""مستشفى الأمن المركزي -الرياض"", ""Central Security Hospital  - Riyadh"", ""2021"", """", """", """", """", """", """", """", """", """", """", """", """", """", """", """", """", """", """", """", """", """", """", """", """", """", """"]"
Statistical-Yearbook-2023.xlsx,52,14,"["""", ""10"", ""مدينة الملك عبد العزيز الطبية -الرياض"", ""King Abdulaziz Medical City- Riyadh"", ""2021"", """", """", """", """", """", """", """", """", """", """", """", """", """", """", """", """", """", """", """", """", """", """", """", """", """", """"]"
Statistical-Yearbook-2023.xlsx,52,15,"[""العاصمة المقدسة"", ""11"", ""مستشفى قوى الأمن"", ""Security Forces Hospital-Makkah"", ""2023"", ""The Holy Capital"", """", """", """", """", """", """", """", """", """", """", """", """", """", """", """", """", """", """", """", """", """", """", """", """", """"]"
Statistical-Yearbook-2023.xlsx,52,16,"[""جدة"", ""12"", ""مستشفى الملك فهد للقوات المسلحة بجدة"", ""King Fahad Armed Forces Hospital- Jeddah"", ""2021"", ""Jeddah"", """", """", """", """", """", """", """", """", """", """", """", """", """", """", """", """", """", """", """", """", """", """", """", """", """"]"
Statistical-Yearbook-2023.xlsx,52,17,"["""", ""13"", ""مستشفى الامن المركزي بجدة"", ""Central Security Hospital -Jeddah"", ""2021"", """", """", """", """", """", """", """", """", """", """", """", """", """", """", """", """", """", """", """", """", """", """", """", """", """", """"]"
Statistical-Yearbook-2023.xlsx,52,18,"["""", ""14"", ""مدينة الملك عبد العزيز الطبية- جدة"", ""King Abdulaziz Medical City- Jeddah"", ""2021"", """", """", """", """", """", """", """", """", """", """", """", """", """", """", """", """", """", """", """", """", """", """", """", """", """", """"]"
Statistical-Yearbook-2023.xlsx,52,19,"["""", ""15"", ""مستشفى الملك عبد العزيز الجامعي - جدة"", ""King Abdulaziz University Hospital - Jeddah"", ""2022"", """", """", """", """", """", """", """", """", """", """", """", """", """", """", """", """", """", """", """", """", """", """", """", """", """", """"]"
Statistical-Yearbook-2023.xlsx,52,20,"["""", ""16"", ""مستشفى الملك فيصل التخصصي ومركز الأبحاث"", ""King Faisal Specialist Hospital and Research Center"", ""2022"", """", """", """", """", """", """", """", """", """", """", """", """", """", """", """", """", """", """", """", """", """", """", """", """", """", """"]"
Statistical-Yearbook-2023.xlsx,7..,1,"[""مراكز الإسعاف والسيارات التابعة لهيئة الهلال الأحمر السعودي حسب المنطقة الإدارية  عام 2023م."", """", """", """", """", """", """"]"
Statistical-Yearbook-2023.xlsx,7..,2,"[""First Aid Centers and Ambulances of the Saudi Red Crescent Authority  by Administrative Region, 2023G."", """", """", """", """", """", """"]"
Statistical-Yearbook-2023.xlsx,7..,3,"[""جدول 4-7"", """", """", ""Table 4-7"", """", """", """"]"
Statistical-Yearbook-2023.xlsx,7..,4,"[""المنطقة الإدارية"", ""الحالات التي تم إسعافها ونقلها للمستشفيات"", ""مراكزالإسعاف"", """", ""سيارات الإسعاف"", """", ""Administrative Region""]"
Statistical-Yearbook-2023.xlsx,7..,5,"["""", """", ""First aid centers"", """", ""Ambulances"", """", """"]"
Statistical-Yearbook-2023.xlsx,7..,6,"["""", ""Cases offered first aid, Transported to hospitals"", ""عدد المراكز"", ""متوسط عدد الحالات للمركز"", ""عدد السيارت"", ""متوسط عدد الحالات للسيارة"", """"]"
Statistical-Yearbook-2023.xlsx,7..,7,"["""", """", ""No. of   centers"", ""Average No. of Cases/center"", ""No .of Ambulances"", ""Average No. of cases / Ambulance"", """"]"
Statistical-Yearbook-2023.xlsx,7..,8,"[""الرياض"", ""134740"", ""102"", ""1757"", ""291"", ""1130"", ""Riyadh""]"
Statistical-Yearbook-2023.xlsx,7..,9,"[""مكة المكرمة"", ""176675"", ""106"", ""1413"", ""264"", ""904"", ""Makkah""]"
Statistical-Yearbook-2023.xlsx,7..,10,"[""المدينة المنورة"", ""53988"", ""38"", ""1596"", ""92"", ""1123"", ""Medinah""]"
Statistical-Yearbook-2023.xlsx,7..,11,"[""القصيم"", ""26209"", ""30"", ""1049"", ""77"", ""791"", ""Qaseem""]"
Statistical-Yearbook-2023.xlsx,7..,12,"[""الشرقية"", ""63967"", ""66"", ""1279"", ""185"", ""900"", ""Eastern""]"
Statistical-Yearbook-2023.xlsx,7..,13,"[""عسير"", ""45989"", ""44"", ""1123"", ""104"", ""797"", ""Aseer""]"
Statistical-Yearbook-2023.xlsx,7..,14,"[""تبوك"", ""18015"", ""26"", ""727"", ""62"", ""556"", ""Tabouk""]"
Statistical-Yearbook-2023.xlsx,7..,15,"[""حائل"", ""12831"", ""17"", ""867"", ""51"", ""639"", ""Ha`il""]"
Statistical-Yearbook-2023.xlsx,7..,16,"[""الحدود الشمالية"", ""5642"", ""14"", ""409"", ""36"", ""451"", ""Northern Borders""]"
Statistical-Yearbook-2023.xlsx,7..,17,"[""جازان"", ""19115"", ""24"", ""936"", ""54"", ""730"", ""Jazan""]"
Statistical-Yearbook-2023.xlsx,7..,18,"[""نجران"", ""7414"", ""17"", ""500"", ""48"", ""387"", ""Najran""]"
Statistical-Yearbook-2023.xlsx,7..,19,"[""الباحة"", ""8061"", ""16"", ""693"", ""34"", ""503"", ""Al-Bahah""]"
Statistical-Yearbook-2023.xlsx,7..,20,"[""الجوف"", ""8311"", ""14"", ""561"", ""36"", ""487"", ""Al-Jouf""]"
Statistical-Yearbook-2023.xlsx,46.,1,"[""أنشطة بنوك الدم بوزارة الصحة حسب المنطقة الصحية عام 2023م."", """", """", """", """"]"
Statistical-Yearbook-2023.xlsx,46.,2,"[""Activities at MoH Blood Banks by Health Region, 2023G."", """", """", """", """"]"
Statistical-Yearbook-2023.xlsx,46.,3,"[""جدول 4-46"", ""Table 4-46"", """", """", """"]"
Statistical-Yearbook-2023.xlsx,46.,4,"[""المنطقة الصحية"", ""إجمالي الفحوص"", ""عدد وحدات الدم المتبرع بها"", ""عدد وحدات الدم المنقولة للمرضى"", ""Health Region""]"
Statistical-Yearbook-2023.xlsx,46.,5,"["""", ""Total investigations"", ""No. of collected blood units"", ""No. of transfused blood units"", """"]"
Statistical-Yearbook-2023.xlsx,46.,6,"[""الرياض"", ""501240"", ""62354"", ""56334"", ""Riyadh""]"
Statistical-Yearbook-2023.xlsx,46.,7,"[""العاصمة المقدسة"", ""485970"", ""47033"", ""50188"", ""The Holy Capital""]"
Statistical-Yearbook-2023.xlsx,46.,8,"[""جدة"", ""506844"", ""47724"", ""22826.55"", ""Jeddah""]"
Statistical-Yearbook-2023.xlsx,46.,9,"[""الطائف"", ""147412"", ""13406"", ""7431"", ""Ta`if""]"
Statistical-Yearbook-2023.xlsx,46.,10,"[""المدينة المنورة"", ""348710"", ""34871"", ""21117"", ""Medinah""]"
Statistical-Yearbook-2023.xlsx,46.,11,"[""القصيم"", ""192855"", ""20666"", ""13674"", ""Qaseem""]"
Statistical-Yearbook-2023.xlsx,46.,12,"[""الشرقية"", ""466069"", ""43883"", ""24679"", ""Eastern""]"
Statistical-Yearbook-2023.xlsx,46.,13,"[""الأحساء"", ""181200"", ""19409"", ""19323"", ""Al-Ahsa""]"
Statistical-Yearbook-2023.xlsx,46.,14,"[""حفر الباطن"", ""59100"", ""5910"", ""4517"", ""Hafr Al-Baten""]"
Statistical-Yearbook-2023.xlsx,46.,15,"[""عسير"", ""279562"", ""27776"", ""19152"", ""Aseer""]"
Statistical-Yearbook-2023.xlsx,46.,16,"[""بيشة"", ""60860"", ""6066"", ""5136"", ""Bishah""]"
Statistical-Yearbook-2023.xlsx,46.,17,"[""تبوك"", ""125212"", ""12074"", ""8305"", ""Tabouk""]"
Statistical-Yearbook-2023.xlsx,46.,18,"[""حائل"", ""120296"", ""11989"", ""5631"", ""Ha`il""]"
Statistical-Yearbook-2023.xlsx,46.,19,"[""الحدود الشمالية"", ""69680"", ""6987"", ""5440"", ""Northern Borders""]"
Statistical-Yearbook-2023.xlsx,46.,20,"[""جازان"", ""369550"", ""36955"", ""33662"", ""Jazan""]"
Statistical-Yearbook-2023.xlsx,47.,1,"[""أنشطة بنوك الدم بوزارة الصحة في الأعوام الخمسة الأخيرة"", """", """", """", """", """", """", """", """", """", """", """", """", """", """", """", """", """", """", """", """", """", """", """", """"]"
Statistical-Yearbook-2023.xlsx,47.,2,"[""Activities at MoH Blood Banks in the last Five Years"", """", """", """", """", """", """", """", """", """", """", """", """", """", """", """", """", """", """", """", """", """", """", """", """"]"
Statistical-Yearbook-2023.xlsx,47.,3,"[""جدول 4-47"", """", """", ""Table 4-47"", """", """", """", """", """", """", """", """", """", """", """", """", """", """", """", """", """", """", """", """", """"]"
Statistical-Yearbook-2023.xlsx,47.,4,"[""النشاط"", ""2017G"", ""2018G"", ""2019G"", ""2020G"", ""2021G"", ""2022G"", ""2023G"", ""Activity"", """", """", """", """", """", """", """", """", """", """", """", """", """", """", """", """"]"
Statistical-Yearbook-2023.xlsx,47.,5,"[""عدد الفحوص"", ""4341350"", ""5046231"", ""5017427"", ""4168172"", ""5813893"", ""5212646"", ""4296364"", ""No. of  Investigations"", """", """", """", """", """", """", """", """", """", """", """", """", """", """", """", """"]"
Statistical-Yearbook-2023.xlsx,47.,6,"[""عدد وحدات الدم المتبرع بها"", ""300593"", ""375352"", ""388814"", ""252323"", ""257693"", ""420553"", ""437424"", ""No. of  Collected Blood Units"", """", """", """", """", """", """", """", """", """", """", """", """", """", """", """", """"]"
Statistical-Yearbook-2023.xlsx,47.,7,"[""عدد وحدات الدم المنقولة للمرضى"", ""451835"", ""496343"", ""559755"", ""445247"", ""423632"", ""389038.55"", ""330771.55"", ""No. of Transfused Blood Units"", """", """", """", """", """", """", """", """", """", """", """", """", """", """", """", """"]"
Statistical-Yearbook-2023.xlsx,47.,8,"["""", """", """", """", """", """", """", """", """", """", """", """", """", """", """", """", """", """", """", """", """", """", """", """", """"]"
Statistical-Yearbook-2023.xlsx,47.,9,"["""", """", """", """", """", """", """", """", """", """", """", """", """", """", """", """", """", """", """", """", """", """", """", """", """"]"
Statistical-Yearbook-2023.xlsx,47.,10,"["""", """", """", """", """", """", """", """", """", """", """", """", """", """", """", """", """", """", """", """", """", """", """", """", """"]"
Statistical-Yearbook-2023.xlsx,47.,11,"["""", """", """", """", """", """", """", """", """", """", """", """", """", """", """", """", """", """", """", """", """", """", """", """", """"]"
Statistical-Yearbook-2023.xlsx,47.,12,"["""", """", """", """", """", """", """", """", """", """", """", """", """", """", """", """", """", """", """", """", """", """", """", """", """"]"
Statistical-Yearbook-2023.xlsx,47.,13,"["""", """", """", """", """", """", """", """", """", """", """", """", """", """", """", """", """", """", """", """", """", """", """", """", """"]"
Statistical-Yearbook-2023.xlsx,47.,14,"["""", """", """", """", """", """", """", """", """", """", """", """", """", """", """", """", """", """", """", """", """", """", """", """", """"]"
Statistical-Yearbook-2023.xlsx,47.,15,"["""", """", """", """", """", """", """", """", """", """", """", """", """", """", """", """", """", """", """", """", """", """", """", """", """"]"
Statistical-Yearbook-2023.xlsx,47.,16,"["""", """", """", """", """", """", """", """", """", """", """", """", """", """", """", """", """", """", """", """", """", """", """", """", """"]"
Statistical-Yearbook-2023.xlsx,47.,17,"["""", """", """", """", """", """", """", """", """", """", """", """", """", """", """", """", """", """", """", """", """", """", """", """", """"]"
Statistical-Yearbook-2023.xlsx,47.,18,"["""", """", """", """", """", """", """", """", """", """", """", """", """", """", """", """", """", """", """", """", """", """", """", """", """"]"
Statistical-Yearbook-2023.xlsx,53.,1,"[""الحالات التي أرسلت للعلاج بالخارج من قبل الهيئات الطبية حسب الدولة والحالة الطبية عام  2023م."", """", """", """", """", """", """", """", """", """", """", """"]"
Statistical-Yearbook-2023.xlsx,53.,2,"[""Cases Referred Abroad for Treatment by Specialty and Country, 2023G."", """", """", """", """", """", """", """", """", """", """", """"]"
Statistical-Yearbook-2023.xlsx,53.,3,"[""جدول 4-53"", """", """", ""Table 4-53"", """", """", """", """", """", """", """", """"]"
Statistical-Yearbook-2023.xlsx,53.,4,"[""التخصص"", ""أمريكا"", ""ألمانيا"", ""بريطانيا"", ""إيطاليا"", ""فرنسا"", ""اسبانيا"", ""الإجمالي"", ""Specialty"", """", """", """"]"
Statistical-Yearbook-2023.xlsx,53.,5,"["""", ""USA"", ""Germany"", ""UK"", ""Italy"", ""France"", ""Spain"", ""Total"", """", """", """", """"]"
Statistical-Yearbook-2023.xlsx,53.,6,"[""جراحة تجميل ( ترميم )"", ""8"", ""6"", ""8"", ""0"", ""1"", ""1"", ""=SUM(B6:G6)"", ""Plastic and Reconstructive Surgery"", """", """", """"]"
Statistical-Yearbook-2023.xlsx,53.,7,"[""الأورام"", ""470"", ""127"", ""65"", ""0"", ""18"", ""0"", ""=SUM(B7:G7)"", ""Tumors"", """", """", """"]"
Statistical-Yearbook-2023.xlsx,53.,8,"[""جراحة عظام"", ""31"", ""20"", ""21"", ""0"", ""0"", ""0"", ""=SUM(B8:G8)"", ""Orthopedic Surgery"", """", """", """"]"
Statistical-Yearbook-2023.xlsx,53.,9,"[""زراعة قلب / رئة"", ""4"", ""0"", ""0"", ""0"", ""0"", ""0"", ""=SUM(B9:G9)"", ""Organ Transplantation"", """", """", """"]"
Statistical-Yearbook-2023.xlsx,53.,10,"[""الأذن والأنف والحنجرة"", ""0"", ""0"", ""8"", ""0"", ""0"", ""0"", ""=SUM(B10:G10)"", ""ENT"", """", """", """"]"
Statistical-Yearbook-2023.xlsx,53.,11,"[""الجراحة العامة"", ""9"", ""3"", ""1"", ""0"", ""3"", ""2"", ""=SUM(B11:G11)"", ""General Surgery"", """", """", """"]"
Statistical-Yearbook-2023.xlsx,53.,12,"[""طب وجراحة القلب"", ""41"", ""1"", ""0"", ""0"", ""0"", ""0"", ""=SUM(B12:G12)"", ""Cardiology & Cardiac Surgery"", """", """", """"]"
Statistical-Yearbook-2023.xlsx,53.,13,"[""زراعة نخاع"", ""0"", ""5"", ""0"", ""0"", ""0"", ""0"", ""=SUM(B13:G13)"", ""Bone Marrow Transplant"", """", """", """"]"
Statistical-Yearbook-2023.xlsx,53.,14,"[""التأهيل الطبي / الأعصاب"", ""25"", ""27"", ""0"", ""0"", ""1"", ""0"", ""=SUM(B14:G14)"", ""Medical Rehabilitation"", """", """", """"]"
Statistical-Yearbook-2023.xlsx,53.,15,"[""طب وجراحة العيون"", ""1"", ""0"", ""1"", ""0"", ""0"", ""2"", ""=SUM(B15:G15)"", ""Ophthalmology"", """", """", """"]"
Statistical-Yearbook-2023.xlsx,53.,16,"[""مسالك بولية"", ""0"", ""0"", ""9"", ""0"", ""0"", ""0"", ""=SUM(B16:G16)"", ""Urology"", """", """", """"]"
Statistical-Yearbook-2023.xlsx,53.,17,"[""جراحة عمود فقري"", ""4"", ""4"", ""0"", ""0"", ""0"", ""0"", ""=SUM(B17:G17)"", ""Spinal Surgery"", """", """", """"]"
Statistical-Yearbook-2023.xlsx,53.,18,"[""جراحة أعصاب"", ""0"", ""6"", ""8"", ""0"", ""1"", ""0"", ""=SUM(B18:G18)"", ""Neurosurgery"", """", """", """"]"
Statistical-Yearbook-2023.xlsx,53.,19,"[""أمراض الأطفال"", ""10"", ""5"", ""0"", ""1"", ""0"", ""0"", ""=SUM(B19:G19)"", ""Pediatrics"", """", """", """"]"
Statistical-Yearbook-2023.xlsx,53.,20,"[""الباطنة العامة"", ""31"", ""12"", ""1"", ""0"", ""1"", ""0"", ""=SUM(B20:G20)"", ""Internal Medicine"", """", """", """"]"
Statistical-Yearbook-2023.xlsx,5-12,1,"[""جراحات القلب المفتوح التي أجريت للحجاج في الأعوام الخمسة الأخيرة"", """", """", """", """", """", """", """", """", """", """", """", """", """", """", """"]"
Statistical-Yearbook-2023.xlsx,5-12,2,"[""Open Heart Surgery Performed for Pilgrims in the Last Five Years"", """", """", """", """", """", """", """", """", """", """", """", """", """", """", """"]"
Statistical-Yearbook-2023.xlsx,5-12,3,"[""جدول 5-12"", ""Table 5-12"", """", """", """", """", """", """", """", """", """", """", """", """", """", """"]"
Statistical-Yearbook-2023.xlsx,5-12,4,"[""المنطقة"", ""1440H\n(2019G)"", ""1441H\n(2020G)"", ""1442H\n(2021G)"", ""1443H\n(2022G)"", ""1444H\n(2023G)"", ""Region"", """", """", """", """", """", """", """", """", """"]"
Statistical-Yearbook-2023.xlsx,5-12,5,"[""مكة المكرمة"", ""75"", ""0"", ""0"", ""43"", ""81"", ""Makkah"", """", """", """", """", """", """", """", """", """"]"
Statistical-Yearbook-2023.xlsx,5-12,6,"[""المدينة المنورة"", ""6"", ""0"", ""0"", ""2"", ""10"", ""Madinah"", """", """", """", """", """", """", """", """", """"]"
Statistical-Yearbook-2023.xlsx,5-12,7,"[""منى"", ""0"", ""0"", ""0"", ""0"", ""0"", ""Mena"", """", """", """", """", """", """", """", """", """"]"
Statistical-Yearbook-2023.xlsx,5-12,8,"[""عرفات ومزدلفة"", ""0"", ""0"", ""0"", ""0"", ""0"", ""Arafat and Mozdalifah"", """", """", """", """", """", """", """", """", """"]"
Statistical-Yearbook-2023.xlsx,5-12,9,"[""الإجمالي"", ""=SUM(B5:B8)"", ""=SUM(C5:C8)"", ""=SUM(D5:D8)"", ""=SUM(E5:E8)"", ""=SUM(F5:F8)"", ""Total"", """", """", """", """", """", """", """", """", """"]"
Statistical-Yearbook-2023.xlsx,5-12,10,"[""من بداية شهر ذي القعدة حتى نهاية شهر ذي الحجة"", """", """", ""From 1st Dhu Al-Qadah to the end of Dhu Al-Hijjah"", """", """", """", """", """", """", """", """", """", """", """", """"]"
Statistical-Yearbook-2023.xlsx,5-12,11,"["""", """", """", """", """", """", """", """", """", """", """", """", """", """", """", """"]"
Statistical-Yearbook-2023.xlsx,5-12,12,"["""", """", """", """", """", """", """", """", """", """", """", """", """", """", """", """"]"
Statistical-Yearbook-2023.xlsx,5-12,13,"["""", """", """", """", """", """", """", """", """", """", """", """", """", """", """", """"]"
Statistical-Yearbook-2023.xlsx,5-12,14,"["""", """", """", """", """", """", """", """", """", """", """", """", """", """", """", """"]"
Statistical-Yearbook-2023.xlsx,5-12,15,"["""", """", """", """", """", """", """", """", """", """", """", """", """", """", """", """"]"
Statistical-Yearbook-2023.xlsx,5-12,16,"["""", """", """", """", """", """", """", """", """", """", """", """", """", """", """", """"]"
Statistical-Yearbook-2023.xlsx,5-12,17,"["""", """", """", """", """", """", """", """", """", """", """", """", """", """", """", """"]"
Statistical-Yearbook-2023.xlsx,5-12,18,"["""", """", """", """", """", """", """", """", """", """", """", """", """", """", """", """"]"
Statistical-Yearbook-2023.xlsx,5-12,19,"["""", """", """", """", """", """", """", """", """", """", """", """", """", """", """", """"]"
Statistical-Yearbook-2023.xlsx,5-12,20,"["""", """", """", """", """", """", """", """", """", """", """", """", """", """", """", """"]"
Statistical-Yearbook-2024.xlsx,2-58,1,"[""مستشفيات وزارة الصحة المعتمدة من المركز السعودي لاعتماد المنشآت الصحية."", """", """", """", """", """"]"
Statistical-Yearbook-2024.xlsx,2-58,2,"[""CBAHI Accredited MoH Hospitals."", """", """", """", """", """"]"
Statistical-Yearbook-2024.xlsx,2-58,3,"[""جدول  2-58"", """", """", """", """", ""Table 2-58""]"
Statistical-Yearbook-2024.xlsx,2-58,4,"[""فروع/مكاتب الوزارة"", ""المستشفى"", """", ""Hospital Name"", ""تاريخ الاعتماد\nDate of Accriditation"", ""MoH Branches & Offices""]"
Statistical-Yearbook-2024.xlsx,2-58,5,"[""الرياض"", ""1"", ""مستشفى الأمير محمد بن عبدالعزيز"", ""Prince Mohammad Bin Abdulaziz Hospital"", ""2022"", ""Riyadh""]"
Statistical-Yearbook-2024.xlsx,2-58,6,"["""", ""2"", ""مستشفى الملك خالد بالخرج"", ""King Khalid Hospital Al-Kharj"", ""2023"", """"]"
Statistical-Yearbook-2024.xlsx,2-58,7,"["""", ""3"", ""مستشفى الولادة والأطفال بالخرج"", ""Maternity Hospital - Al-Kharj"", ""2022"", """"]"
Statistical-Yearbook-2024.xlsx,2-58,8,"["""", ""4"", ""مستشفى الإيمان العام"", ""Al Iman General Hospital"", ""2022"", """"]"
Statistical-Yearbook-2024.xlsx,2-58,9,"["""", ""5"", ""مستشفى الدوادمي العام"", ""Dawadmi General Hospital"", ""2022"", """"]"
Statistical-Yearbook-2024.xlsx,2-58,10,"["""", ""6"", ""مستشفى الأفلاج العام"", ""Alaflaj General Hospital"", ""2023"", """"]"
Statistical-Yearbook-2024.xlsx,2-58,11,"["""", ""7"", ""مستشفى الدرعية"", ""Ad Diriyah hospital"", ""2022"", """"]"
Statistical-Yearbook-2024.xlsx,2-58,12,"["""", ""8"", ""مستشفى الزلفي العام"", ""Al Zulfi General Hospital"", ""2021"", """"]"
Statistical-Yearbook-2024.xlsx,2-58,13,"["""", ""9"", ""مستشفى حوطة بني تميم العام"", ""Hotat Bani Tamim General Hospital"", ""2023"", """"]"
Statistical-Yearbook-2024.xlsx,2-58,14,"["""", ""10"", ""مستشفى القويعية العام"", ""Quwaiya General Hospital"", ""2022"", """"]"
Statistical-Yearbook-2024.xlsx,2-58,15,"["""", ""11"", ""مدينة الملك سعود الطبية"", ""King Saud Medical City"", ""2023"", """"]"
Statistical-Yearbook-2024.xlsx,2-58,16,"["""", ""12"", ""مدينة الملك فهد الطبية"", ""King Fahad Medical City"", ""2023"", """"]"
Statistical-Yearbook-2024.xlsx,2-58,17,"["""", ""13"", ""مستشفى الملك سلمان"", ""King Salman Hospital"", ""2023"", """"]"
Statistical-Yearbook-2024.xlsx,2-58,18,"["""", ""14"", ""مستشفى ثادق العام"", ""Thadiq General Hospital"", ""2023"", """"]"
Statistical-Yearbook-2024.xlsx,2-58,19,"["""", ""15"", ""مستشفى تميرالعام"", ""Tumier General Hospital"", ""2023"", """"]"
Statistical-Yearbook-2024.xlsx,2-58,20,"["""", ""16"", ""مستشفى الإمام عبدالرحمن الفيصل"", ""Imam Abdulrahman Alfaisal Hospital"", ""2022"", """"]"
Statistical-Yearbook-2024.xlsx,2-59,1,"[""مستشفيات الجهات الحكومية الأخرى المعتمدة من المركز السعودي لاعتماد المنشآت الصحية"", """", """", """", """", """"]"
Statistical-Yearbook-2024.xlsx,2-59,2,"[""CBAHI Accredited Other Governmental Sector Hospitals"", """", """", """", """", """"]"
Statistical-Yearbook-2024.xlsx,2-59,3,"[""جدول  2-59"", """", """", """", """", ""Table 2-59""]"
Statistical-Yearbook-2024.xlsx,2-59,4,"[""فروع/مكاتب الوزارة"", ""المستشفى"", """", ""Hospital Name"", ""تاريخ الاعتماد\nDate of Accriditation"", ""MoH Branches & Offices""]"
Statistical-Yearbook-2024.xlsx,2-59,5,"[""الرياض"", ""1"", ""مستشفى الملك فيصل التخصصي ومركز الأبحاث"", ""King Faisal Specialist Hospital and Research Center"", ""2024"", ""Riyadh""]"
Statistical-Yearbook-2024.xlsx,2-59,6,"["""", ""2"", ""مستشفى القوات المسلحة بالمصانع الحربية بالخرج"", ""Armed Forces Hospital in the military factories, Al-Kharj"", ""2022"", """"]"
Statistical-Yearbook-2024.xlsx,2-59,7,"["""", ""3"", ""مدينة الأمير سلطان الطبية العسكرية"", ""PRINCE SULTAN MILITARY MEDICAL CITY"", ""2023"", """"]"
Statistical-Yearbook-2024.xlsx,2-59,8,"["""", ""4"", ""مستشفى القوات المسلحة بوادي الدواسر"", ""Armed Forces Hospital in Wadi Al-Dawaser"", ""2024"", """"]"
Statistical-Yearbook-2024.xlsx,2-59,9,"["""", ""5"", ""مستشفى الملك خالد الجامعي بالرياض"", ""King Khalid University Hospital - Riyadh"", ""2024"", """"]"
Statistical-Yearbook-2024.xlsx,2-59,10,"["""", ""6"", ""مستشفى الملك عبدالله بن عبدالعزيز بجامعة الأميرة نورة- الرياض"", ""King Abdullah Bin Abdulaziz University Hospital - Riyadh"", ""2024"", """"]"
Statistical-Yearbook-2024.xlsx,2-59,11,"["""", ""7"", ""مستشفى الملك خالد التخصصي للعيون"", ""King Khaled Eye Specialist Hospital"", ""2024"", """"]"
Statistical-Yearbook-2024.xlsx,2-59,12,"["""", ""8"", ""مستشفى قوى الأمن"", ""Security Forces Hospital- Riyadh"", ""2021"", """"]"
Statistical-Yearbook-2024.xlsx,2-59,13,"["""", ""9"", ""مستشفى الملك عبد العزيز الجامعي - الرياض"", ""King Abdulaziz University Hospital - Riyadh"", ""2021"", """"]"
Statistical-Yearbook-2024.xlsx,2-59,14,"["""", ""10"", ""مدينة الملك عبد العزيز الطبية -الرياض"", ""King Abdulaziz Medical City- Riyadh"", ""2024"", """"]"
Statistical-Yearbook-2024.xlsx,2-59,15,"["""", ""11"", ""المدينة الطبية الجامعية بمدينة الملك سعود"", ""University Medical City in King Saud Midical City"", ""2024"", """"]"
Statistical-Yearbook-2024.xlsx,2-59,16,"["""", ""12"", ""مركز الأمير سلطان لمعالجة امراض وجراحة القلب"", ""Prince Sultan Cardiac Center"", ""2024"", """"]"
Statistical-Yearbook-2024.xlsx,2-59,17,"[""العاصمة المقدسة"", ""13"", ""مستشفى قوى الأمن"", ""Security Forces Hospital-Makkah"", ""2023"", ""The Holy Capital""]"
Statistical-Yearbook-2024.xlsx,2-59,18,"[""جدة"", ""14"", ""مستشفى الملك فهد للقوات المسلحة بجدة"", ""King Fahad Armed Forces Hospital- Jeddah"", ""2021"", ""Jeddah""]"
Statistical-Yearbook-2024.xlsx,2-59,19,"["""", ""15"", ""مدينة الملك عبد العزيز الطبية- جدة"", ""King Abdulaziz Medical City- Jeddah"", ""2021"", """"]"
Statistical-Yearbook-2024.xlsx,2-59,20,"["""", ""16"", ""مستشفى الملك عبد العزيز الجامعي - جدة"", ""King Abdulaziz University Hospital - Jeddah"", ""2022"", """"]"
Statistical-Yearbook-2024.xlsx,4-8,1,"[""مراكز الإسعاف والسيارات التابعة لهيئة الهلال الأحمر السعودي حسب المنطقة الإدارية  عام 2024م."", """", """", """", """", """", """"]"
Statistical-Yearbook-2024.xlsx,4-8,2,"[""First Aid Centers and Ambulances of the Saudi Red Crescent Authority  by Administrative Region, 2024G."", """", """", """", """", """", """"]"
Statistical-Yearbook-2024.xlsx,4-8,3,"[""جدول 4-8"", """", """", ""Table 4-8"", """", """", """"]"
Statistical-Yearbook-2024.xlsx,4-8,4,"[""المنطقة الإدارية"", ""الحالات التي تم إسعافها ونقلها للمستشفيات"", ""مراكزالإسعاف"", """", ""سيارات الإسعاف"", """", ""Administrative Region""]"
Statistical-Yearbook-2024.xlsx,4-8,5,"["""", """", ""First aid centers"", """", ""Ambulances"", """", """"]"
Statistical-Yearbook-2024.xlsx,4-8,6,"["""", ""Cases offered first aid, Transported to hospitals"", ""عدد المراكز"", ""متوسط عدد الحالات للمركز"", ""عدد السيارت"", ""متوسط عدد الحالات للسيارة"", """"]"
Statistical-Yearbook-2024.xlsx,4-8,7,"["""", """", ""No. of   centers"", ""Average No. of Cases/center"", ""No .of Ambulances"", ""Average No. of cases / Ambulance"", """"]"
Statistical-Yearbook-2024.xlsx,4-8,8,"[""الرياض"", ""117881"", ""112"", ""2437"", ""142"", ""830"", ""Riyadh""]"
Statistical-Yearbook-2024.xlsx,4-8,9,"[""مكة المكرمة"", ""171937"", ""98"", ""5925"", ""245"", ""702"", ""Makkah""]"
Statistical-Yearbook-2024.xlsx,4-8,10,"[""المدينة المنورة"", ""56794"", ""39"", ""3167"", ""79"", ""719"", ""Madinah""]"
Statistical-Yearbook-2024.xlsx,4-8,11,"[""القصيم"", ""28388"", ""30"", ""1501"", ""72"", ""394"", ""Qassim""]"
Statistical-Yearbook-2024.xlsx,4-8,12,"[""الشرقية"", ""65447"", ""67"", ""2212"", ""142"", ""461"", ""Eastern""]"
Statistical-Yearbook-2024.xlsx,4-8,13,"[""عسير"", ""39241"", ""41"", ""1751"", ""97"", ""405"", ""Asir""]"
Statistical-Yearbook-2024.xlsx,4-8,14,"[""تبوك"", ""20363"", ""26"", ""1361"", ""59"", ""345"", ""Tabuk""]"
Statistical-Yearbook-2024.xlsx,4-8,15,"[""حائل"", ""13723"", ""17"", ""1340"", ""32"", ""428"", ""Hail""]"
Statistical-Yearbook-2024.xlsx,4-8,16,"[""الحدود الشمالية"", ""5971"", ""15"", ""567"", ""32"", ""187"", ""Northern Borders""]"
Statistical-Yearbook-2024.xlsx,4-8,17,"[""جازان"", ""21955"", ""24"", ""1388"", ""49"", ""448"", ""Jazan""]"
Statistical-Yearbook-2024.xlsx,4-8,18,"[""نجران"", ""8105"", ""17"", ""762"", ""39"", ""208"", ""Najran""]"
Statistical-Yearbook-2024.xlsx,4-8,19,"[""الباحة"", ""8578"", ""16"", ""966"", ""34"", ""252"", ""Al Baha""]"
Statistical-Yearbook-2024.xlsx,4-8,20,"[""الجوف"", ""7905"", ""14"", ""972"", ""30"", ""264"", ""Al Jouf""]"
Statistical-Yearbook-2024.xlsx,4-59,1,"[""أنشطة بنوك الدم بوزارة الصحة حسب المنطقة الصحية عام 2024م."", """", """", """", """", """", """"]"
Statistical-Yearbook-2024.xlsx,4-59,2,"[""Activities at MoH Blood Banks by Health Region, 2024G."", """", """", """", """", """", """"]"
Statistical-Yearbook-2024.xlsx,4-59,3,"[""جدول 4-59"", ""Table 4-59"", """", """", """", """", """"]"
Statistical-Yearbook-2024.xlsx,4-59,4,"[""المنطقة الصحية"", ""عدد الفحوص"", ""عدد المتبرعين بالدم"", ""عدد وحدات الدم المنقولة للمرضى"", ""Health Region"", """", """"]"
Statistical-Yearbook-2024.xlsx,4-59,5,"["""", ""No. of  Investigations"", ""No. of Blood Donors"", ""No. of transfused blood units"", """", """", """"]"
Statistical-Yearbook-2024.xlsx,4-59,6,"[""الرياض"", ""825712"", ""89478"", ""70578"", ""Riyadh"", """", """"]"
Statistical-Yearbook-2024.xlsx,4-59,7,"[""العاصمة المقدسة"", ""470040"", ""51597"", ""52133"", ""The Holy Capital"", """", """"]"
Statistical-Yearbook-2024.xlsx,4-59,8,"[""جدة"", ""489524"", ""46997"", ""33189"", ""Jeddah"", """", """"]"
Statistical-Yearbook-2024.xlsx,4-59,9,"[""الطائف"", ""154384"", ""14312"", ""9249"", ""Ta`if"", """", """"]"
Statistical-Yearbook-2024.xlsx,4-59,10,"[""المدينة المنورة"", ""368580"", ""36773"", ""21961"", ""Madinah"", """", """"]"
Statistical-Yearbook-2024.xlsx,4-59,11,"[""القصيم"", ""227360"", ""22736"", ""22083"", ""Qassim"", """", """"]"
Statistical-Yearbook-2024.xlsx,4-59,12,"[""الشرقية"", ""454879"", ""45634"", ""45031"", ""Eastern"", """", """"]"
Statistical-Yearbook-2024.xlsx,4-59,13,"[""الأحساء"", ""164437"", ""20020"", ""18918"", ""Al-Ahsa"", """", """"]"
Statistical-Yearbook-2024.xlsx,4-59,14,"[""حفر الباطن"", ""63620"", ""6420"", ""3854"", ""Hafr Al-Baten"", """", """"]"
Statistical-Yearbook-2024.xlsx,4-59,15,"[""عسير"", ""134249"", ""23073"", ""20093"", ""Asir"", """", """"]"
Statistical-Yearbook-2024.xlsx,4-59,16,"[""بيشة"", ""51008"", ""5264"", ""4749"", ""Bishah"", """", """"]"
Statistical-Yearbook-2024.xlsx,4-59,17,"[""تبوك"", ""108528"", ""10762"", ""7901"", ""Tabouk"", """", """"]"
Statistical-Yearbook-2024.xlsx,4-59,18,"[""حائل"", ""113689"", ""12027"", ""9159"", ""Hail"", """", """"]"
Statistical-Yearbook-2024.xlsx,4-59,19,"[""الحدود الشمالية"", ""70127"", ""7074"", ""4510"", ""Northern Borders"", """", """"]"
Statistical-Yearbook-2024.xlsx,4-59,20,"[""جازان"", ""369550"", ""40160"", ""32425"", ""Jazan"", """", """"]"
Statistical-Yearbook-2024.xlsx,4-60,1,"[""أنشطة بنوك الدم بوزارة الصحة في الأعوام الخمسة الأخيرة"", """", """", """", """", """", """", """", """", """", """", """", """", """", """", """", """", """", """", """", """", """", """", """", """", """"]"
Statistical-Yearbook-2024.xlsx,4-60,2,"[""Activities at MoH Blood Banks in the last Five Years"", """", """", """", """", """", """", """", """", """", """", """", """", """", """", """", """", """", """", """", """", """", """", """", """", """"]"
Statistical-Yearbook-2024.xlsx,4-60,3,"[""جدول 4-60"", """", """", ""Table 4-60"", """", """", """", """", """", """", """", """", """", """", """", """", """", """", """", """", """", """", """", """", """", """"]"
Statistical-Yearbook-2024.xlsx,4-60,4,"[""النشاط"", ""2017G"", ""2018G"", ""2019G"", ""2020G"", ""2021G"", ""2022G"", ""2023G"", ""2024G"", ""Activity"", """", """", """", """", """", """", """", """", """", """", """", """", """", """", """", """"]"
Statistical-Yearbook-2024.xlsx,4-60,5,"[""عدد الفحوص"", ""4341350"", ""5046231"", ""5017427"", ""4168172"", ""5813893"", ""5212646"", ""4296364"", ""4362083"", ""No. of  Investigations"", """", """", """", """", """", """", """", """", """", """", """", """", """", """", """", """"]"
Statistical-Yearbook-2024.xlsx,4-60,6,"[""عدد المتبرعين بالدم"", ""300593"", ""375352"", ""388814"", ""252323"", ""257693"", ""420553"", ""437424"", ""470930"", ""No. of Blood Donors"", """", """", """", """", """", """", """", """", """", """", """", """", """", """", """", """"]"
Statistical-Yearbook-2024.xlsx,4-60,7,"[""عدد وحدات الدم المنقولة للمرضى"", ""451835"", ""496343"", ""559755"", ""445247"", ""423632"", ""389038.55"", ""330771.55"", ""385420"", ""No. of Transfused Blood Units"", """", """", """", """", """", """", """", """", """", """", """", """", """", """", """", """"]"
Statistical-Yearbook-2024.xlsx,4-60,8,"["""", """", """", """", """", """", """", """", """", """", """", """", """", """", """", """", """", """", """", """", """", """", """", """", """", """"]"
Statistical-Yearbook-2024.xlsx,4-60,9,"["""", """", """", """", """", """", """", """", """", """", """", """", """", """", """", """", """", """", """", """", """", """", """", """", """", """"]"
Statistical-Yearbook-2024.xlsx,4-60,10,"["""", """", """", """", """", """", """", """", """", """", """", """", """", """", """", """", """", """", """", """", """", """", """", """", """", """"]"
Statistical-Yearbook-2024.xlsx,4-60,11,"["""", """", """", """", """", """", """", """", """", """", """", """", """", """", """", """", """", """", """", """", """", """", """", """", """", """"]"
Statistical-Yearbook-2024.xlsx,4-60,12,"["""", """", """", """", """", """", """", """", """", """", """", """", """", """", """", """", """", """", """", """", """", """", """", """", """", """"]"
Statistical-Yearbook-2024.xlsx,4-60,13,"["""", """", """", """", """", """", """", """", """", """", """", """", """", """", """", """", """", """", """", """", """", """", """", """", """", """"]"
Statistical-Yearbook-2024.xlsx,4-60,14,"["""", """", """", """", """", """", """", """", """", """", """", """", """", """", """", """", """", """", """", """", """", """", """", """", """", """"]"
Statistical-Yearbook-2024.xlsx,4-60,15,"["""", """", """", """", """", """", """", """", """", """", """", """", """", """", """", """", """", """", """", """", """", """", """", """", """", """"]"
Statistical-Yearbook-2024.xlsx,4-60,16,"["""", """", """", """", """", """", """", """", """", """", """", """", """", """", """", """", """", """", """", """", """", """", """", """", """", """"]"
Statistical-Yearbook-2024.xlsx,4-60,17,"["""", """", """", """", """", """", """", """", """", """", """", """", """", """", """", """", """", """", """", """", """", """", """", """", """", """"]"
Statistical-Yearbook-2024.xlsx,4-60,18,"["""", """", """", """", """", """", """", """", """", """", """", """", """", """", """", """", """", """", """", """", """", """", """", """", """", """"]"
Statistical-Yearbook-2024.xlsx,4-64,1,"[""الحالات التي أرسلت للعلاج بالخارج من قبل الهيئة الطبية العليا حسب الدولة والحالة الطبية عام  2024م."", """", """", """", """", """", """", """", """", """"]"
Statistical-Yearbook-2024.xlsx,4-64,2,"[""Cases Referred abroad by Supreme Medical Committee for Treatment by Specialty and Country, 2024G."", """", """", """", """", """", """", """", """", """"]"
Statistical-Yearbook-2024.xlsx,4-64,3,"[""جدول 4-64"", """", """", ""Table 4-64"", """", """", """", """", """", """"]"
Statistical-Yearbook-2024.xlsx,4-64,4,"[""التخصص"", ""أمريكا"", ""ألمانيا"", ""بريطانيا"", ""إيطاليا"", ""فرنسا"", ""اسبانيا"", ""الإجمالي"", ""Specialty"", """"]"
Statistical-Yearbook-2024.xlsx,4-64,5,"["""", ""USA"", ""Germany"", ""UK"", ""Italy"", ""France"", ""Spain"", ""Total"", """", """"]"
Statistical-Yearbook-2024.xlsx,4-64,6,"[""جراحة تجميل ( ترميم )"", ""40"", ""4"", ""26"", ""0"", ""7"", ""2"", ""=SUM(B6:G6)"", ""Plastic and Reconstructive Surgery"", """"]"
Statistical-Yearbook-2024.xlsx,4-64,7,"[""الأورام"", ""31"", ""2"", ""4"", ""0"", ""0"", ""0"", ""=SUM(B7:G7)"", ""Tumors"", """"]"
Statistical-Yearbook-2024.xlsx,4-64,8,"[""جراحة عظام"", ""27"", ""16"", ""3"", ""0"", ""0"", ""0"", ""=SUM(B8:G8)"", ""Orthopedic Surgery"", """"]"
Statistical-Yearbook-2024.xlsx,4-64,9,"[""زراعة قلب / رئة"", ""20"", ""0"", ""0"", ""0"", ""0"", ""0"", ""=SUM(B9:G9)"", ""Heart/ Lung Transplantation"", """"]"
Statistical-Yearbook-2024.xlsx,4-64,10,"[""الأذن والأنف والحنجرة"", ""4"", ""2"", ""3"", ""0"", ""0"", ""0"", ""=SUM(B10:G10)"", ""ENT"", """"]"
Statistical-Yearbook-2024.xlsx,4-64,11,"[""الجراحة العامة"", ""9"", ""1"", ""4"", ""0"", ""0"", ""0"", ""=SUM(B11:G11)"", ""General Surgery"", """"]"
Statistical-Yearbook-2024.xlsx,4-64,12,"[""طب وجراحة القلب"", ""24"", ""0"", ""1"", ""0"", ""0"", ""0"", ""=SUM(B12:G12)"", ""Cardiology & Cardiac Surgery"", """"]"
Statistical-Yearbook-2024.xlsx,4-64,13,"[""زراعة نخاع"", ""3"", ""2"", ""4"", ""0"", ""0"", ""0"", ""=SUM(B13:G13)"", ""Bone Marrow Transplant"", """"]"
Statistical-Yearbook-2024.xlsx,4-64,14,"[""زراعة الأمعاء/ الكبد"", ""2"", ""0"", ""0"", ""0"", ""0"", ""0"", ""=SUM(B14:G14)"", ""Intestinal / Liver Transplant"", """"]"
Statistical-Yearbook-2024.xlsx,4-64,15,"[""طب وجراحة العيون"", ""3"", ""0"", ""16"", ""0"", ""0"", ""5"", ""=SUM(B15:G15)"", ""Ophthalmology"", """"]"
Statistical-Yearbook-2024.xlsx,4-64,16,"[""طب الأعصاب"", ""1"", ""0"", ""2"", ""0"", ""0"", ""0"", ""=SUM(B16:G16)"", ""Neurology"", """"]"
Statistical-Yearbook-2024.xlsx,4-64,17,"[""مسالك بولية"", ""2"", ""2"", ""11"", ""0"", ""1"", ""0"", ""=SUM(B17:G17)"", ""Urology"", """"]"
Statistical-Yearbook-2024.xlsx,4-64,18,"[""جراحة عمود فقري"", ""2"", ""1"", ""0"", ""0"", ""0"", ""0"", ""=SUM(B18:G18)"", ""Spinal Surgery"", """"]"
Statistical-Yearbook-2024.xlsx,4-64,19,"[""جراحة أعصاب"", ""2"", ""0"", ""2"", ""0"", ""0"", ""0"", ""=SUM(B19:G19)"", ""Neurosurgery"", """"]"
Statistical-Yearbook-2024.xlsx,4-64,20,"[""أمراض الأطفال"", ""2"", ""0"", ""3"", ""1"", ""0"", ""0"", ""=SUM(B20:G20)"", ""Pediatrics"", """"]"
Statistical-Yearbook-2024.xlsx,5-12,1,"[""جراحات القلب المفتوح التي أجريت للحجاج في الأعوام الخمسة الأخيرة"", """", """", """", """", """", """"]"
Statistical-Yearbook-2024.xlsx,5-12,2,"[""Open Heart Surgery Performed for Pilgrims in the Last Five Years"", """", """", """", """", """", """"]"
Statistical-Yearbook-2024.xlsx,5-12,3,"[""جدول 5-12"", """", """", """", """", """", ""Table 5-12""]"
Statistical-Yearbook-2024.xlsx,5-12,4,"[""المنطقة"", ""1441H\n(2020G)"", ""1442H\n(2021G)"", ""1443H\n(2022G)"", ""1444H\n(2023G)"", ""1445H\n(2024G)"", ""Region""]"
Statistical-Yearbook-2024.xlsx,5-12,5,"[""مكة المكرمة"", ""0"", ""0"", ""43"", ""81"", ""71"", ""Makkah""]"
Statistical-Yearbook-2024.xlsx,5-12,6,"[""المدينة المنورة"", ""0"", ""0"", ""2"", ""10"", ""3"", ""Madinah""]"
Statistical-Yearbook-2024.xlsx,5-12,7,"[""منى"", ""0"", ""0"", ""0"", ""0"", ""0"", ""Mena""]"
Statistical-Yearbook-2024.xlsx,5-12,8,"[""عرفات ومزدلفة"", ""0"", ""0"", ""0"", ""0"", ""0"", ""Arafat and Mozdalifah""]"
Statistical-Yearbook-2024.xlsx,5-12,9,"[""الإجمالي"", ""=SUM(B5:B8)"", ""=SUM(C5:C8)"", ""=SUM(D5:D8)"", ""=SUM(E5:E8)"", ""=SUM(F5:F8)"", ""Total""]"
Statistical-Yearbook-2024.xlsx,5-12,10,"[""من بداية شهر ذي القعدة حتى نهاية شهر ذي الحجة"", """", ""From 1st Dhu Al-Qadah to the end of Dhu Al-Hijjah"", """", """", """", """"]"
Statistical-Yearbook-2024.xlsx,5-12,11,"["""", """", """", """", """", """", """"]"
Statistical-Yearbook-2024.xlsx,5-12,12,"["""", """", """", """", """", """", """"]"
Statistical-Yearbook-2024.xlsx,5-12,13,"["""", """", """", """", """", """", """"]"
Statistical-Yearbook-2024.xlsx,5-12,14,"["""", """", """", """", """", """", """"]"
Statistical-Yearbook-2024.xlsx,5-12,15,"["""", """", """", """", """", """", """"]"
Statistical-Yearbook-2024.xlsx,5-12,16,"["""", """", """", """", """", """", """"]"
Statistical-Yearbook-2024.xlsx,5-12,17,"["""", """", """", """", """", """", """"]"
Statistical-Yearbook-2024.xlsx,5-12,18,"["""", """", """", """", """", """", """"]"
Statistical-Yearbook-2024.xlsx,5-12,19,"["""", """", """", """", """", """", """"]"
Statistical-Yearbook-2024.xlsx,5-12,20,"["""", """", """", """", """", """", """"]"
