Year,GeographyType,Geography,Sector,WorkforceType,WorkforceCount,SaudiPercent,Unit,SourceGroup,SourceWorkbook,SourceSheet
2021,National,Saudi Arabia,Ministry of Health,Allied Health Personnel,73685,96.3,Persons,FY-006,statistical-yearbook-2021-chapter-II-health-resources.xlsx,2-4
2021,National,Saudi Arabia,Ministry of Health,Dentists,6810,91.3,Persons,FY-006,statistical-yearbook-2021-chapter-II-health-resources.xlsx,2-4
2021,National,Saudi Arabia,Ministry of Health,Midwives,1661,67.9,Persons,FY-006,statistical-yearbook-2021-chapter-II-health-resources.xlsx,2-4
2021,National,Saudi Arabia,Ministry of Health,Nurses,106343,63.1,Persons,FY-006,statistical-yearbook-2021-chapter-II-health-resources.xlsx,2-4
2021,National,Saudi Arabia,Ministry of Health,Pharmacists,4397,97,Persons,FY-006,statistical-yearbook-2021-chapter-II-health-resources.xlsx,2-4
2021,National,Saudi Arabia,Ministry of Health,Physicians,53320,44.2,Persons,FY-006,statistical-yearbook-2021-chapter-II-health-resources.xlsx,2-4
2021,National,Saudi Arabia,Other Governmental Sector,Allied Health Personnel,26619,78.8,Persons,FY-006,statistical-yearbook-2021-chapter-II-health-resources.xlsx,2-4
2021,National,Saudi Arabia,Other Governmental Sector,Dentists,1998,84,Persons,FY-006,statistical-yearbook-2021-chapter-II-health-resources.xlsx,2-4
2021,National,Saudi Arabia,Other Governmental Sector,Midwives,600,21.2,Persons,FY-006,statistical-yearbook-2021-chapter-II-health-resources.xlsx,2-4
2021,National,Saudi Arabia,Other Governmental Sector,Nurses,42463,33.3,Persons,FY-006,statistical-yearbook-2021-chapter-II-health-resources.xlsx,2-4
2021,National,Saudi Arabia,Other Governmental Sector,Pharmacists,2914,81.5,Persons,FY-006,statistical-yearbook-2021-chapter-II-health-resources.xlsx,2-4
2021,National,Saudi Arabia,Other Governmental Sector,Physicians,18130,53.6,Persons,FY-006,statistical-yearbook-2021-chapter-II-health-resources.xlsx,2-4
2021,National,Saudi Arabia,Private Sector,Allied Health Personnel,30699,48.3,Persons,FY-006,statistical-yearbook-2021-chapter-II-health-resources.xlsx,2-4
2021,National,Saudi Arabia,Private Sector,Dentists,13931,30.3,Persons,FY-006,statistical-yearbook-2021-chapter-II-health-resources.xlsx,2-4
2021,National,Saudi Arabia,Private Sector,Midwives,2433,2.4,Persons,FY-006,statistical-yearbook-2021-chapter-II-health-resources.xlsx,2-4
2021,National,Saudi Arabia,Private Sector,Nurses,47989,6.8,Persons,FY-006,statistical-yearbook-2021-chapter-II-health-resources.xlsx,2-4
2021,National,Saudi Arabia,Private Sector,Pharmacists,23529,23,Persons,FY-006,statistical-yearbook-2021-chapter-II-health-resources.xlsx,2-4
2021,National,Saudi Arabia,Private Sector,Physicians,28167,13.8,Persons,FY-006,statistical-yearbook-2021-chapter-II-health-resources.xlsx,2-4
2022,National,Saudi Arabia,Ministry of Health,Allied Health Personnel,79637,96.6,Persons,FY-006,2022-Chapter-II-Health-Resources.xlsx,2-4
2022,National,Saudi Arabia,Ministry of Health,Dentists,7153,92.2,Persons,FY-006,2022-Chapter-II-Health-Resources.xlsx,2-4
2022,National,Saudi Arabia,Ministry of Health,Midwives,1655,71.7,Persons,FY-006,2022-Chapter-II-Health-Resources.xlsx,2-4
2022,National,Saudi Arabia,Ministry of Health,Nurses,104228,67,Persons,FY-006,2022-Chapter-II-Health-Resources.xlsx,2-4
2022,National,Saudi Arabia,Ministry of Health,Pharmacists,4646,97.4,Persons,FY-006,2022-Chapter-II-Health-Resources.xlsx,2-4
2022,National,Saudi Arabia,Ministry of Health,Physicians,55487,47.5,Persons,FY-006,2022-Chapter-II-Health-Resources.xlsx,2-4
2022,National,Saudi Arabia,Other Governmental Sector,Allied Health Personnel,24512,83.2,Persons,FY-006,2022-Chapter-II-Health-Resources.xlsx,2-4
2022,National,Saudi Arabia,Other Governmental Sector,Dentists,1853,83.2,Persons,FY-006,2022-Chapter-II-Health-Resources.xlsx,2-4
2022,National,Saudi Arabia,Other Governmental Sector,Midwives,599,23.2,Persons,FY-006,2022-Chapter-II-Health-Resources.xlsx,2-4
2022,National,Saudi Arabia,Other Governmental Sector,Nurses,40198,37.9,Persons,FY-006,2022-Chapter-II-Health-Resources.xlsx,2-4
2022,National,Saudi Arabia,Other Governmental Sector,Pharmacists,2462,83.3,Persons,FY-006,2022-Chapter-II-Health-Resources.xlsx,2-4
2022,National,Saudi Arabia,Other Governmental Sector,Physicians,19644,60.1,Persons,FY-006,2022-Chapter-II-Health-Resources.xlsx,2-4
2022,National,Saudi Arabia,Private Sector,Allied Health Personnel,34213,52.2,Persons,FY-006,2022-Chapter-II-Health-Resources.xlsx,2-4
2022,National,Saudi Arabia,Private Sector,Dentists,14891,31.2,Persons,FY-006,2022-Chapter-II-Health-Resources.xlsx,2-4
2022,National,Saudi Arabia,Private Sector,Midwives,2417,1.5,Persons,FY-006,2022-Chapter-II-Health-Resources.xlsx,2-4
2022,National,Saudi Arabia,Private Sector,Nurses,51461,6.2,Persons,FY-006,2022-Chapter-II-Health-Resources.xlsx,2-4
2022,National,Saudi Arabia,Private Sector,Pharmacists,26932,27.5,Persons,FY-006,2022-Chapter-II-Health-Resources.xlsx,2-4
2022,National,Saudi Arabia,Private Sector,Physicians,30201,16.1,Persons,FY-006,2022-Chapter-II-Health-Resources.xlsx,2-4
2023,National,Saudi Arabia,Ministry of Health,Allied Health Personnel,86265,97,Persons,FY-006,Statistical-Yearbook-2023.xlsx,4.
2023,National,Saudi Arabia,Ministry of Health,Dentists,7056,92.5,Persons,FY-006,Statistical-Yearbook-2023.xlsx,4.
2023,National,Saudi Arabia,Ministry of Health,Midwives,1689,71.4,Persons,FY-006,Statistical-Yearbook-2023.xlsx,4.
2023,National,Saudi Arabia,Ministry of Health,Nurses,108753,66.5,Persons,FY-006,Statistical-Yearbook-2023.xlsx,4.
2023,National,Saudi Arabia,Ministry of Health,Pharmacists,4773,98.1,Persons,FY-006,Statistical-Yearbook-2023.xlsx,4.
2023,National,Saudi Arabia,Ministry of Health,Physicians,58260,51.4,Persons,FY-006,Statistical-Yearbook-2023.xlsx,4.
2023,National,Saudi Arabia,Other Governmental Sector,Allied Health Personnel,29309,84.9,Persons,FY-006,Statistical-Yearbook-2023.xlsx,4.
2023,National,Saudi Arabia,Other Governmental Sector,Dentists,2238,83.9,Persons,FY-006,Statistical-Yearbook-2023.xlsx,4.
2023,National,Saudi Arabia,Other Governmental Sector,Midwives,632,24.8,Persons,FY-006,Statistical-Yearbook-2023.xlsx,4.
2023,National,Saudi Arabia,Other Governmental Sector,Nurses,44026,40,Persons,FY-006,Statistical-Yearbook-2023.xlsx,4.
2023,National,Saudi Arabia,Other Governmental Sector,Pharmacists,3386,87,Persons,FY-006,Statistical-Yearbook-2023.xlsx,4.
2023,National,Saudi Arabia,Other Governmental Sector,Physicians,19803,58.1,Persons,FY-006,Statistical-Yearbook-2023.xlsx,4.
2023,National,Saudi Arabia,Private Sector,Allied Health Personnel,38114,55.3,Persons,FY-006,Statistical-Yearbook-2023.xlsx,4.
2023,National,Saudi Arabia,Private Sector,Dentists,16676,33.3,Persons,FY-006,Statistical-Yearbook-2023.xlsx,4.
2023,National,Saudi Arabia,Private Sector,Midwives,2676,1.1,Persons,FY-006,Statistical-Yearbook-2023.xlsx,4.
2023,National,Saudi Arabia,Private Sector,Nurses,60331,6.8,Persons,FY-006,Statistical-Yearbook-2023.xlsx,4.
2023,National,Saudi Arabia,Private Sector,Pharmacists,28651,26.8,Persons,FY-006,Statistical-Yearbook-2023.xlsx,4.
2023,National,Saudi Arabia,Private Sector,Physicians,35237,19.9,Persons,FY-006,Statistical-Yearbook-2023.xlsx,4.
2024,National,Saudi Arabia,Ministry of Health,Allied Health Personnel,98325,97.5,Persons,FY-006,Statistical-Yearbook-2024.xlsx,2-17
2024,National,Saudi Arabia,Ministry of Health,Dentists,9331,92.4,Persons,FY-006,Statistical-Yearbook-2024.xlsx,2-17
2024,National,Saudi Arabia,Ministry of Health,Midwives,2408,60.1,Persons,FY-006,Statistical-Yearbook-2024.xlsx,2-17
2024,National,Saudi Arabia,Ministry of Health,Nurses,117122,64.7,Persons,FY-006,Statistical-Yearbook-2024.xlsx,2-17
2024,National,Saudi Arabia,Ministry of Health,Pharmacists,5391,97.2,Persons,FY-006,Statistical-Yearbook-2024.xlsx,2-17
2024,National,Saudi Arabia,Ministry of Health,Physicians,67403,53.3,Persons,FY-006,Statistical-Yearbook-2024.xlsx,2-17
2024,National,Saudi Arabia,Other Governmental Sector,Allied Health Personnel,36429,90.3,Persons,FY-006,Statistical-Yearbook-2024.xlsx,2-17
2024,National,Saudi Arabia,Other Governmental Sector,Dentists,4184,85.7,Persons,FY-006,Statistical-Yearbook-2024.xlsx,2-17
2024,National,Saudi Arabia,Other Governmental Sector,Midwives,922,24.8,Persons,FY-006,Statistical-Yearbook-2024.xlsx,2-17
2024,National,Saudi Arabia,Other Governmental Sector,Nurses,48751,44.9,Persons,FY-006,Statistical-Yearbook-2024.xlsx,2-17
2024,National,Saudi Arabia,Other Governmental Sector,Pharmacists,4516,89.7,Persons,FY-006,Statistical-Yearbook-2024.xlsx,2-17
2024,National,Saudi Arabia,Other Governmental Sector,Physicians,23392,63.8,Persons,FY-006,Statistical-Yearbook-2024.xlsx,2-17
2024,National,Saudi Arabia,Private Sector,Allied Health Personnel,87306,75.2,Persons,FY-006,Statistical-Yearbook-2024.xlsx,2-17
2024,National,Saudi Arabia,Private Sector,Dentists,20236,36.5,Persons,FY-006,Statistical-Yearbook-2024.xlsx,2-17
2024,National,Saudi Arabia,Private Sector,Midwives,2809,1.6,Persons,FY-006,Statistical-Yearbook-2024.xlsx,2-17
2024,National,Saudi Arabia,Private Sector,Nurses,77463,11,Persons,FY-006,Statistical-Yearbook-2024.xlsx,2-17
2024,National,Saudi Arabia,Private Sector,Pharmacists,36949,35.2,Persons,FY-006,Statistical-Yearbook-2024.xlsx,2-17
2024,National,Saudi Arabia,Private Sector,Physicians,38977,11.1,Persons,FY-006,Statistical-Yearbook-2024.xlsx,2-17
