Year,GeographyType,Geography,Sector,CapacityMeasure,Value,Unit,SourceGroup,SourceWorkbook,SourceSheet
2021,Administrative Region,Al Baha,Saudi Red Crescent Authority,Ambulances,43,Count,FY-018,statistical-yearbook-2021-chapter-IV-health-activities.xlsx,7
2021,Administrative Region,Al Baha,Saudi Red Crescent Authority,First Aid Centers,16,Count,FY-018,statistical-yearbook-2021-chapter-IV-health-activities.xlsx,7
2021,Administrative Region,Al Jouf,Saudi Red Crescent Authority,Ambulances,40,Count,FY-018,statistical-yearbook-2021-chapter-IV-health-activities.xlsx,7
2021,Administrative Region,Al Jouf,Saudi Red Crescent Authority,First Aid Centers,14,Count,FY-018,statistical-yearbook-2021-chapter-IV-health-activities.xlsx,7
2021,Administrative Region,Asir,Saudi Red Crescent Authority,Ambulances,122,Count,FY-018,statistical-yearbook-2021-chapter-IV-health-activities.xlsx,7
2021,Administrative Region,Asir,Saudi Red Crescent Authority,First Aid Centers,41,Count,FY-018,statistical-yearbook-2021-chapter-IV-health-activities.xlsx,7
2021,Administrative Region,Eastern Region,Saudi Red Crescent Authority,Ambulances,194,Count,FY-018,statistical-yearbook-2021-chapter-IV-health-activities.xlsx,7
2021,Administrative Region,Eastern Region,Saudi Red Crescent Authority,First Aid Centers,67,Count,FY-018,statistical-yearbook-2021-chapter-IV-health-activities.xlsx,7
2021,Administrative Region,Hail,Saudi Red Crescent Authority,Ambulances,54,Count,FY-018,statistical-yearbook-2021-chapter-IV-health-activities.xlsx,7
2021,Administrative Region,Hail,Saudi Red Crescent Authority,First Aid Centers,16,Count,FY-018,statistical-yearbook-2021-chapter-IV-health-activities.xlsx,7
2021,Administrative Region,Jazan,Saudi Red Crescent Authority,Ambulances,58,Count,FY-018,statistical-yearbook-2021-chapter-IV-health-activities.xlsx,7
2021,Administrative Region,Jazan,Saudi Red Crescent Authority,First Aid Centers,23,Count,FY-018,statistical-yearbook-2021-chapter-IV-health-activities.xlsx,7
2021,Administrative Region,Madinah,Saudi Red Crescent Authority,Ambulances,66,Count,FY-018,statistical-yearbook-2021-chapter-IV-health-activities.xlsx,7
2021,Administrative Region,Madinah,Saudi Red Crescent Authority,First Aid Centers,37,Count,FY-018,statistical-yearbook-2021-chapter-IV-health-activities.xlsx,7
2021,Administrative Region,Makkah,Saudi Red Crescent Authority,Ambulances,280,Count,FY-018,statistical-yearbook-2021-chapter-IV-health-activities.xlsx,7
2021,Administrative Region,Makkah,Saudi Red Crescent Authority,First Aid Centers,98,Count,FY-018,statistical-yearbook-2021-chapter-IV-health-activities.xlsx,7
2021,Administrative Region,Najran,Saudi Red Crescent Authority,Ambulances,55,Count,FY-018,statistical-yearbook-2021-chapter-IV-health-activities.xlsx,7
2021,Administrative Region,Najran,Saudi Red Crescent Authority,First Aid Centers,15,Count,FY-018,statistical-yearbook-2021-chapter-IV-health-activities.xlsx,7
2021,Administrative Region,Northern Borders,Saudi Red Crescent Authority,Ambulances,45,Count,FY-018,statistical-yearbook-2021-chapter-IV-health-activities.xlsx,7
2021,Administrative Region,Northern Borders,Saudi Red Crescent Authority,First Aid Centers,14,Count,FY-018,statistical-yearbook-2021-chapter-IV-health-activities.xlsx,7
2021,Administrative Region,Qassim,Saudi Red Crescent Authority,Ambulances,89,Count,FY-018,statistical-yearbook-2021-chapter-IV-health-activities.xlsx,7
2021,Administrative Region,Qassim,Saudi Red Crescent Authority,First Aid Centers,29,Count,FY-018,statistical-yearbook-2021-chapter-IV-health-activities.xlsx,7
2021,Administrative Region,Riyadh,Saudi Red Crescent Authority,Ambulances,286,Count,FY-018,statistical-yearbook-2021-chapter-IV-health-activities.xlsx,7
2021,Administrative Region,Riyadh,Saudi Red Crescent Authority,First Aid Centers,112,Count,FY-018,statistical-yearbook-2021-chapter-IV-health-activities.xlsx,7
2021,Administrative Region,Tabuk,Saudi Red Crescent Authority,Ambulances,72,Count,FY-018,statistical-yearbook-2021-chapter-IV-health-activities.xlsx,7
2021,Administrative Region,Tabuk,Saudi Red Crescent Authority,First Aid Centers,26,Count,FY-018,statistical-yearbook-2021-chapter-IV-health-activities.xlsx,7
2021,National,Saudi Arabia,All Sectors,"Beds per 10,000 population",22.6,"Beds per 10,000 population",FY-005,statistical-yearbook-2021-chapter-II-health-resources.xlsx,2-2
2021,National,Saudi Arabia,Ministry of Health,Beds,45330,Count,FY-005,statistical-yearbook-2021-chapter-II-health-resources.xlsx,2-2
2021,National,Saudi Arabia,Ministry of Health,Hospitals,287,Count,FY-005,statistical-yearbook-2021-chapter-II-health-resources.xlsx,2-2
2021,National,Saudi Arabia,Other Governmental Sector,Beds,14005,Count,FY-005,statistical-yearbook-2021-chapter-II-health-resources.xlsx,2-2
2021,National,Saudi Arabia,Other Governmental Sector,Hospitals,51,Count,FY-005,statistical-yearbook-2021-chapter-II-health-resources.xlsx,2-2
2021,National,Saudi Arabia,Private Sector,Beds,17889,Count,FY-005,statistical-yearbook-2021-chapter-II-health-resources.xlsx,2-2
2021,National,Saudi Arabia,Private Sector,Hospitals,159,Count,FY-005,statistical-yearbook-2021-chapter-II-health-resources.xlsx,2-2
2022,Administrative Region,Al Baha,Saudi Red Crescent Authority,Ambulances,43,Count,FY-018,2022-Chapter-IV-Health-Activities.xlsx,7
2022,Administrative Region,Al Baha,Saudi Red Crescent Authority,First Aid Centers,16,Count,FY-018,2022-Chapter-IV-Health-Activities.xlsx,7
2022,Administrative Region,Al Jouf,Saudi Red Crescent Authority,Ambulances,47,Count,FY-018,2022-Chapter-IV-Health-Activities.xlsx,7
2022,Administrative Region,Al Jouf,Saudi Red Crescent Authority,First Aid Centers,14,Count,FY-018,2022-Chapter-IV-Health-Activities.xlsx,7
2022,Administrative Region,Asir,Saudi Red Crescent Authority,Ambulances,126,Count,FY-018,2022-Chapter-IV-Health-Activities.xlsx,7
2022,Administrative Region,Asir,Saudi Red Crescent Authority,First Aid Centers,41,Count,FY-018,2022-Chapter-IV-Health-Activities.xlsx,7
2022,Administrative Region,Eastern Region,Saudi Red Crescent Authority,Ambulances,200,Count,FY-018,2022-Chapter-IV-Health-Activities.xlsx,7
2022,Administrative Region,Eastern Region,Saudi Red Crescent Authority,First Aid Centers,66,Count,FY-018,2022-Chapter-IV-Health-Activities.xlsx,7
2022,Administrative Region,Hail,Saudi Red Crescent Authority,Ambulances,56,Count,FY-018,2022-Chapter-IV-Health-Activities.xlsx,7
2022,Administrative Region,Hail,Saudi Red Crescent Authority,First Aid Centers,16,Count,FY-018,2022-Chapter-IV-Health-Activities.xlsx,7
2022,Administrative Region,Jazan,Saudi Red Crescent Authority,Ambulances,64,Count,FY-018,2022-Chapter-IV-Health-Activities.xlsx,7
2022,Administrative Region,Jazan,Saudi Red Crescent Authority,First Aid Centers,24,Count,FY-018,2022-Chapter-IV-Health-Activities.xlsx,7
2022,Administrative Region,Madinah,Saudi Red Crescent Authority,Ambulances,106,Count,FY-018,2022-Chapter-IV-Health-Activities.xlsx,7
2022,Administrative Region,Madinah,Saudi Red Crescent Authority,First Aid Centers,39,Count,FY-018,2022-Chapter-IV-Health-Activities.xlsx,7
2022,Administrative Region,Makkah,Saudi Red Crescent Authority,Ambulances,283,Count,FY-018,2022-Chapter-IV-Health-Activities.xlsx,7
2022,Administrative Region,Makkah,Saudi Red Crescent Authority,First Aid Centers,98,Count,FY-018,2022-Chapter-IV-Health-Activities.xlsx,7
2022,Administrative Region,Najran,Saudi Red Crescent Authority,Ambulances,59,Count,FY-018,2022-Chapter-IV-Health-Activities.xlsx,7
2022,Administrative Region,Najran,Saudi Red Crescent Authority,First Aid Centers,15,Count,FY-018,2022-Chapter-IV-Health-Activities.xlsx,7
2022,Administrative Region,Northern Borders,Saudi Red Crescent Authority,Ambulances,46,Count,FY-018,2022-Chapter-IV-Health-Activities.xlsx,7
2022,Administrative Region,Northern Borders,Saudi Red Crescent Authority,First Aid Centers,14,Count,FY-018,2022-Chapter-IV-Health-Activities.xlsx,7
2022,Administrative Region,Qassim,Saudi Red Crescent Authority,Ambulances,94,Count,FY-018,2022-Chapter-IV-Health-Activities.xlsx,7
2022,Administrative Region,Qassim,Saudi Red Crescent Authority,First Aid Centers,29,Count,FY-018,2022-Chapter-IV-Health-Activities.xlsx,7
2022,Administrative Region,Riyadh,Saudi Red Crescent Authority,Ambulances,304,Count,FY-018,2022-Chapter-IV-Health-Activities.xlsx,7
2022,Administrative Region,Riyadh,Saudi Red Crescent Authority,First Aid Centers,111,Count,FY-018,2022-Chapter-IV-Health-Activities.xlsx,7
2022,Administrative Region,Tabuk,Saudi Red Crescent Authority,Ambulances,79,Count,FY-018,2022-Chapter-IV-Health-Activities.xlsx,7
2022,Administrative Region,Tabuk,Saudi Red Crescent Authority,First Aid Centers,26,Count,FY-018,2022-Chapter-IV-Health-Activities.xlsx,7
2022,National,Saudi Arabia,All Sectors,"Beds per 10,000 population",24.3,"Beds per 10,000 population",FY-005,2022-Chapter-II-Health-Resources.xlsx,2-2
2022,National,Saudi Arabia,Ministry of Health,Beds,45470,Count,FY-005,2022-Chapter-II-Health-Resources.xlsx,2-2
2022,National,Saudi Arabia,Ministry of Health,Hospitals,287,Count,FY-005,2022-Chapter-II-Health-Resources.xlsx,2-2
2022,National,Saudi Arabia,Other Governmental Sector,Beds,15157,Count,FY-005,2022-Chapter-II-Health-Resources.xlsx,2-2
2022,National,Saudi Arabia,Other Governmental Sector,Hospitals,52,Count,FY-005,2022-Chapter-II-Health-Resources.xlsx,2-2
2022,National,Saudi Arabia,Private Sector,Beds,17813,Count,FY-005,2022-Chapter-II-Health-Resources.xlsx,2-2
2022,National,Saudi Arabia,Private Sector,Hospitals,154,Count,FY-005,2022-Chapter-II-Health-Resources.xlsx,2-2
2023,Administrative Region,Al Baha,Saudi Red Crescent Authority,Ambulances,34,Count,FY-018,Statistical-Yearbook-2023.xlsx,7..
2023,Administrative Region,Al Baha,Saudi Red Crescent Authority,First Aid Centers,16,Count,FY-018,Statistical-Yearbook-2023.xlsx,7..
2023,Administrative Region,Al Jouf,Saudi Red Crescent Authority,Ambulances,36,Count,FY-018,Statistical-Yearbook-2023.xlsx,7..
2023,Administrative Region,Al Jouf,Saudi Red Crescent Authority,First Aid Centers,14,Count,FY-018,Statistical-Yearbook-2023.xlsx,7..
2023,Administrative Region,Asir,Saudi Red Crescent Authority,Ambulances,104,Count,FY-018,Statistical-Yearbook-2023.xlsx,7..
2023,Administrative Region,Asir,Saudi Red Crescent Authority,First Aid Centers,44,Count,FY-018,Statistical-Yearbook-2023.xlsx,7..
2023,Administrative Region,Eastern Region,Saudi Red Crescent Authority,Ambulances,185,Count,FY-018,Statistical-Yearbook-2023.xlsx,7..
2023,Administrative Region,Eastern Region,Saudi Red Crescent Authority,First Aid Centers,66,Count,FY-018,Statistical-Yearbook-2023.xlsx,7..
2023,Administrative Region,Hail,Saudi Red Crescent Authority,Ambulances,51,Count,FY-018,Statistical-Yearbook-2023.xlsx,7..
2023,Administrative Region,Hail,Saudi Red Crescent Authority,First Aid Centers,17,Count,FY-018,Statistical-Yearbook-2023.xlsx,7..
2023,Administrative Region,Jazan,Saudi Red Crescent Authority,Ambulances,54,Count,FY-018,Statistical-Yearbook-2023.xlsx,7..
2023,Administrative Region,Jazan,Saudi Red Crescent Authority,First Aid Centers,24,Count,FY-018,Statistical-Yearbook-2023.xlsx,7..
2023,Administrative Region,Madinah,Saudi Red Crescent Authority,Ambulances,92,Count,FY-018,Statistical-Yearbook-2023.xlsx,7..
2023,Administrative Region,Madinah,Saudi Red Crescent Authority,First Aid Centers,38,Count,FY-018,Statistical-Yearbook-2023.xlsx,7..
2023,Administrative Region,Makkah,Saudi Red Crescent Authority,Ambulances,264,Count,FY-018,Statistical-Yearbook-2023.xlsx,7..
2023,Administrative Region,Makkah,Saudi Red Crescent Authority,First Aid Centers,106,Count,FY-018,Statistical-Yearbook-2023.xlsx,7..
2023,Administrative Region,Najran,Saudi Red Crescent Authority,Ambulances,48,Count,FY-018,Statistical-Yearbook-2023.xlsx,7..
2023,Administrative Region,Najran,Saudi Red Crescent Authority,First Aid Centers,17,Count,FY-018,Statistical-Yearbook-2023.xlsx,7..
2023,Administrative Region,Northern Borders,Saudi Red Crescent Authority,Ambulances,36,Count,FY-018,Statistical-Yearbook-2023.xlsx,7..
2023,Administrative Region,Northern Borders,Saudi Red Crescent Authority,First Aid Centers,14,Count,FY-018,Statistical-Yearbook-2023.xlsx,7..
2023,Administrative Region,Qassim,Saudi Red Crescent Authority,Ambulances,77,Count,FY-018,Statistical-Yearbook-2023.xlsx,7..
2023,Administrative Region,Qassim,Saudi Red Crescent Authority,First Aid Centers,30,Count,FY-018,Statistical-Yearbook-2023.xlsx,7..
2023,Administrative Region,Riyadh,Saudi Red Crescent Authority,Ambulances,291,Count,FY-018,Statistical-Yearbook-2023.xlsx,7..
2023,Administrative Region,Riyadh,Saudi Red Crescent Authority,First Aid Centers,102,Count,FY-018,Statistical-Yearbook-2023.xlsx,7..
2023,Administrative Region,Tabuk,Saudi Red Crescent Authority,Ambulances,62,Count,FY-018,Statistical-Yearbook-2023.xlsx,7..
2023,Administrative Region,Tabuk,Saudi Red Crescent Authority,First Aid Centers,26,Count,FY-018,Statistical-Yearbook-2023.xlsx,7..
2023,National,Saudi Arabia,All Sectors,"Beds per 10,000 population",23.7,"Beds per 10,000 population",FY-005,Statistical-Yearbook-2023.xlsx,2.
2023,National,Saudi Arabia,Ministry of Health,Beds,47305,Count,FY-005,Statistical-Yearbook-2023.xlsx,2.
2023,National,Saudi Arabia,Ministry of Health,Hospitals,290,Count,FY-005,Statistical-Yearbook-2023.xlsx,2.
2023,National,Saudi Arabia,Other Governmental Sector,Beds,14570,Count,FY-005,Statistical-Yearbook-2023.xlsx,2.
2023,National,Saudi Arabia,Other Governmental Sector,Hospitals,59,Count,FY-005,Statistical-Yearbook-2023.xlsx,2.
2023,National,Saudi Arabia,Private Sector,Beds,18197,Count,FY-005,Statistical-Yearbook-2023.xlsx,2.
2023,National,Saudi Arabia,Private Sector,Hospitals,150,Count,FY-005,Statistical-Yearbook-2023.xlsx,2.
2024,Administrative Region,Al Baha,Saudi Red Crescent Authority,Ambulances,34,Count,FY-018,Statistical-Yearbook-2024.xlsx,4-8
2024,Administrative Region,Al Baha,Saudi Red Crescent Authority,First Aid Centers,16,Count,FY-018,Statistical-Yearbook-2024.xlsx,4-8
2024,Administrative Region,Al Jouf,Saudi Red Crescent Authority,Ambulances,30,Count,FY-018,Statistical-Yearbook-2024.xlsx,4-8
2024,Administrative Region,Al Jouf,Saudi Red Crescent Authority,First Aid Centers,14,Count,FY-018,Statistical-Yearbook-2024.xlsx,4-8
2024,Administrative Region,Asir,Saudi Red Crescent Authority,Ambulances,97,Count,FY-018,Statistical-Yearbook-2024.xlsx,4-8
2024,Administrative Region,Asir,Saudi Red Crescent Authority,First Aid Centers,41,Count,FY-018,Statistical-Yearbook-2024.xlsx,4-8
2024,Administrative Region,Eastern Region,Saudi Red Crescent Authority,Ambulances,142,Count,FY-018,Statistical-Yearbook-2024.xlsx,4-8
2024,Administrative Region,Eastern Region,Saudi Red Crescent Authority,First Aid Centers,67,Count,FY-018,Statistical-Yearbook-2024.xlsx,4-8
2024,Administrative Region,Hail,Saudi Red Crescent Authority,Ambulances,32,Count,FY-018,Statistical-Yearbook-2024.xlsx,4-8
2024,Administrative Region,Hail,Saudi Red Crescent Authority,First Aid Centers,17,Count,FY-018,Statistical-Yearbook-2024.xlsx,4-8
2024,Administrative Region,Jazan,Saudi Red Crescent Authority,Ambulances,49,Count,FY-018,Statistical-Yearbook-2024.xlsx,4-8
2024,Administrative Region,Jazan,Saudi Red Crescent Authority,First Aid Centers,24,Count,FY-018,Statistical-Yearbook-2024.xlsx,4-8
2024,Administrative Region,Madinah,Saudi Red Crescent Authority,Ambulances,79,Count,FY-018,Statistical-Yearbook-2024.xlsx,4-8
2024,Administrative Region,Madinah,Saudi Red Crescent Authority,First Aid Centers,39,Count,FY-018,Statistical-Yearbook-2024.xlsx,4-8
2024,Administrative Region,Makkah,Saudi Red Crescent Authority,Ambulances,245,Count,FY-018,Statistical-Yearbook-2024.xlsx,4-8
2024,Administrative Region,Makkah,Saudi Red Crescent Authority,First Aid Centers,98,Count,FY-018,Statistical-Yearbook-2024.xlsx,4-8
2024,Administrative Region,Najran,Saudi Red Crescent Authority,Ambulances,39,Count,FY-018,Statistical-Yearbook-2024.xlsx,4-8
2024,Administrative Region,Najran,Saudi Red Crescent Authority,First Aid Centers,17,Count,FY-018,Statistical-Yearbook-2024.xlsx,4-8
2024,Administrative Region,Northern Borders,Saudi Red Crescent Authority,Ambulances,32,Count,FY-018,Statistical-Yearbook-2024.xlsx,4-8
2024,Administrative Region,Northern Borders,Saudi Red Crescent Authority,First Aid Centers,15,Count,FY-018,Statistical-Yearbook-2024.xlsx,4-8
2024,Administrative Region,Qassim,Saudi Red Crescent Authority,Ambulances,72,Count,FY-018,Statistical-Yearbook-2024.xlsx,4-8
2024,Administrative Region,Qassim,Saudi Red Crescent Authority,First Aid Centers,30,Count,FY-018,Statistical-Yearbook-2024.xlsx,4-8
2024,Administrative Region,Riyadh,Saudi Red Crescent Authority,Ambulances,142,Count,FY-018,Statistical-Yearbook-2024.xlsx,4-8
2024,Administrative Region,Riyadh,Saudi Red Crescent Authority,First Aid Centers,112,Count,FY-018,Statistical-Yearbook-2024.xlsx,4-8
2024,Administrative Region,Tabuk,Saudi Red Crescent Authority,Ambulances,59,Count,FY-018,Statistical-Yearbook-2024.xlsx,4-8
2024,Administrative Region,Tabuk,Saudi Red Crescent Authority,First Aid Centers,26,Count,FY-018,Statistical-Yearbook-2024.xlsx,4-8
2024,National,Saudi Arabia,All Sectors,"Beds per 10,000 population",23.433525173171432,"Beds per 10,000 population",FY-005,Statistical-Yearbook-2024.xlsx,2-2
2024,National,Saudi Arabia,Ministry of Health,Beds,46905,Count,FY-005,Statistical-Yearbook-2024.xlsx,2-2
2024,National,Saudi Arabia,Ministry of Health,Hospitals,290,Count,FY-005,Statistical-Yearbook-2024.xlsx,2-2
2024,National,Saudi Arabia,Other Governmental Sector,Beds,15192,Count,FY-005,Statistical-Yearbook-2024.xlsx,2-2
2024,National,Saudi Arabia,Other Governmental Sector,Hospitals,60,Count,FY-005,Statistical-Yearbook-2024.xlsx,2-2
2024,National,Saudi Arabia,Private Sector,Beds,20624,Count,FY-005,Statistical-Yearbook-2024.xlsx,2-2
2024,National,Saudi Arabia,Private Sector,Hospitals,166,Count,FY-005,Statistical-Yearbook-2024.xlsx,2-2
