Year,GeographyType,Geography,Scope,WorkforceType,Nationality,WorkforceCount,Unit,SourceGroup,SourceWorkbook,SourceSheet
2021,National,Saudi Arabia,MOH Primary Health Care Centers,Allied Health Personnel,Non-Saudi,72,Persons,FY-010,statistical-yearbook-2021-chapter-II-health-resources.xlsx,2.21
2021,National,Saudi Arabia,MOH Primary Health Care Centers,Allied Health Personnel,Saudi,11321,Persons,FY-010,statistical-yearbook-2021-chapter-II-health-resources.xlsx,2.21
2021,National,Saudi Arabia,MOH Primary Health Care Centers,Dentists,Non-Saudi,13,Persons,FY-010,statistical-yearbook-2021-chapter-II-health-resources.xlsx,2.21
2021,National,Saudi Arabia,MOH Primary Health Care Centers,Dentists,Saudi,2510,Persons,FY-010,statistical-yearbook-2021-chapter-II-health-resources.xlsx,2.21
2021,National,Saudi Arabia,MOH Primary Health Care Centers,Midwives,Non-Saudi,25,Persons,FY-010,statistical-yearbook-2021-chapter-II-health-resources.xlsx,2.21
2021,National,Saudi Arabia,MOH Primary Health Care Centers,Midwives,Saudi,234,Persons,FY-010,statistical-yearbook-2021-chapter-II-health-resources.xlsx,2.21
2021,National,Saudi Arabia,MOH Primary Health Care Centers,Nurses,Non-Saudi,2332,Persons,FY-010,statistical-yearbook-2021-chapter-II-health-resources.xlsx,2.21
2021,National,Saudi Arabia,MOH Primary Health Care Centers,Nurses,Saudi,15643,Persons,FY-010,statistical-yearbook-2021-chapter-II-health-resources.xlsx,2.21
2021,National,Saudi Arabia,MOH Primary Health Care Centers,Pharmacists,Non-Saudi,0,Persons,FY-010,statistical-yearbook-2021-chapter-II-health-resources.xlsx,2.21
2021,National,Saudi Arabia,MOH Primary Health Care Centers,Pharmacists,Saudi,415,Persons,FY-010,statistical-yearbook-2021-chapter-II-health-resources.xlsx,2.21
2021,National,Saudi Arabia,MOH Primary Health Care Centers,Physicians,Non-Saudi,5327,Persons,FY-010,statistical-yearbook-2021-chapter-II-health-resources.xlsx,2.21
2021,National,Saudi Arabia,MOH Primary Health Care Centers,Physicians,Saudi,3100,Persons,FY-010,statistical-yearbook-2021-chapter-II-health-resources.xlsx,2.21
2021,National,Saudi Arabia,MOH Total,Allied Health Personnel,Non-Saudi,2748,Persons,FY-008,statistical-yearbook-2021-chapter-II-health-resources.xlsx,2-8 
2021,National,Saudi Arabia,MOH Total,Allied Health Personnel,Saudi,70937,Persons,FY-008,statistical-yearbook-2021-chapter-II-health-resources.xlsx,2-8 
2021,National,Saudi Arabia,MOH Total,Dentists,Non-Saudi,590,Persons,FY-008,statistical-yearbook-2021-chapter-II-health-resources.xlsx,2-8 
2021,National,Saudi Arabia,MOH Total,Dentists,Saudi,6220,Persons,FY-008,statistical-yearbook-2021-chapter-II-health-resources.xlsx,2-8 
2021,National,Saudi Arabia,MOH Total,Midwives,Non-Saudi,533,Persons,FY-008,statistical-yearbook-2021-chapter-II-health-resources.xlsx,2-8 
2021,National,Saudi Arabia,MOH Total,Midwives,Saudi,1128,Persons,FY-008,statistical-yearbook-2021-chapter-II-health-resources.xlsx,2-8 
2021,National,Saudi Arabia,MOH Total,Nurses,Non-Saudi,39282,Persons,FY-008,statistical-yearbook-2021-chapter-II-health-resources.xlsx,2-8 
2021,National,Saudi Arabia,MOH Total,Nurses,Saudi,67061,Persons,FY-008,statistical-yearbook-2021-chapter-II-health-resources.xlsx,2-8 
2021,National,Saudi Arabia,MOH Total,Pharmacists,Saudi,4266,Persons,FY-008,statistical-yearbook-2021-chapter-II-health-resources.xlsx,2-8 
2021,National,Saudi Arabia,MOH Total,Physicians,Non-Saudi,29735,Persons,FY-008,statistical-yearbook-2021-chapter-II-health-resources.xlsx,2-8 
2021,National,Saudi Arabia,MOH Total,Physicians,Saudi,23585,Persons,FY-008,statistical-yearbook-2021-chapter-II-health-resources.xlsx,2-8 
2022,National,Saudi Arabia,MOH Primary Health Care Centers,Allied Health Personnel,Non-Saudi,50,Persons,FY-010,2022-Chapter-II-Health-Resources.xlsx,2.21
2022,National,Saudi Arabia,MOH Primary Health Care Centers,Allied Health Personnel,Saudi,14001,Persons,FY-010,2022-Chapter-II-Health-Resources.xlsx,2.21
2022,National,Saudi Arabia,MOH Primary Health Care Centers,Dentists,Non-Saudi,12,Persons,FY-010,2022-Chapter-II-Health-Resources.xlsx,2.21
2022,National,Saudi Arabia,MOH Primary Health Care Centers,Dentists,Saudi,2723,Persons,FY-010,2022-Chapter-II-Health-Resources.xlsx,2.21
2022,National,Saudi Arabia,MOH Primary Health Care Centers,Midwives,Non-Saudi,18,Persons,FY-010,2022-Chapter-II-Health-Resources.xlsx,2.21
2022,National,Saudi Arabia,MOH Primary Health Care Centers,Midwives,Saudi,219,Persons,FY-010,2022-Chapter-II-Health-Resources.xlsx,2.21
2022,National,Saudi Arabia,MOH Primary Health Care Centers,Nurses,Non-Saudi,2184,Persons,FY-010,2022-Chapter-II-Health-Resources.xlsx,2.21
2022,National,Saudi Arabia,MOH Primary Health Care Centers,Nurses,Saudi,18266,Persons,FY-010,2022-Chapter-II-Health-Resources.xlsx,2.21
2022,National,Saudi Arabia,MOH Primary Health Care Centers,Pharmacists,Non-Saudi,1,Persons,FY-010,2022-Chapter-II-Health-Resources.xlsx,2.21
2022,National,Saudi Arabia,MOH Primary Health Care Centers,Pharmacists,Saudi,445,Persons,FY-010,2022-Chapter-II-Health-Resources.xlsx,2.21
2022,National,Saudi Arabia,MOH Primary Health Care Centers,Physicians,Non-Saudi,5829,Persons,FY-010,2022-Chapter-II-Health-Resources.xlsx,2.21
2022,National,Saudi Arabia,MOH Primary Health Care Centers,Physicians,Saudi,4889,Persons,FY-010,2022-Chapter-II-Health-Resources.xlsx,2.21
2022,National,Saudi Arabia,MOH Total,Allied Health Personnel,Non-Saudi,2674,Persons,FY-008,2022-Chapter-II-Health-Resources.xlsx,2-8 
2022,National,Saudi Arabia,MOH Total,Allied Health Personnel,Saudi,76963,Persons,FY-008,2022-Chapter-II-Health-Resources.xlsx,2-8 
2022,National,Saudi Arabia,MOH Total,Dentists,Non-Saudi,560,Persons,FY-008,2022-Chapter-II-Health-Resources.xlsx,2-8 
2022,National,Saudi Arabia,MOH Total,Dentists,Saudi,6593,Persons,FY-008,2022-Chapter-II-Health-Resources.xlsx,2-8 
2022,National,Saudi Arabia,MOH Total,Midwives,Non-Saudi,468,Persons,FY-008,2022-Chapter-II-Health-Resources.xlsx,2-8 
2022,National,Saudi Arabia,MOH Total,Midwives,Saudi,1187,Persons,FY-008,2022-Chapter-II-Health-Resources.xlsx,2-8 
2022,National,Saudi Arabia,MOH Total,Nurses,Non-Saudi,34378,Persons,FY-008,2022-Chapter-II-Health-Resources.xlsx,2-8 
2022,National,Saudi Arabia,MOH Total,Nurses,Saudi,69850,Persons,FY-008,2022-Chapter-II-Health-Resources.xlsx,2-8 
2022,National,Saudi Arabia,MOH Total,Pharmacists,Non-Saudi,119,Persons,FY-008,2022-Chapter-II-Health-Resources.xlsx,2-8 
2022,National,Saudi Arabia,MOH Total,Pharmacists,Saudi,4527,Persons,FY-008,2022-Chapter-II-Health-Resources.xlsx,2-8 
2022,National,Saudi Arabia,MOH Total,Physicians,Non-Saudi,29143,Persons,FY-008,2022-Chapter-II-Health-Resources.xlsx,2-8 
2022,National,Saudi Arabia,MOH Total,Physicians,Saudi,26344,Persons,FY-008,2022-Chapter-II-Health-Resources.xlsx,2-8 
2023,National,Saudi Arabia,MOH Primary Health Care Centers,Allied Health Personnel,Non-Saudi,99,Persons,FY-010,Statistical-Yearbook-2023.xlsx,26
2023,National,Saudi Arabia,MOH Primary Health Care Centers,Allied Health Personnel,Saudi,13226,Persons,FY-010,Statistical-Yearbook-2023.xlsx,26
2023,National,Saudi Arabia,MOH Primary Health Care Centers,Dentists,Non-Saudi,32,Persons,FY-010,Statistical-Yearbook-2023.xlsx,26
2023,National,Saudi Arabia,MOH Primary Health Care Centers,Dentists,Saudi,2275,Persons,FY-010,Statistical-Yearbook-2023.xlsx,26
2023,National,Saudi Arabia,MOH Primary Health Care Centers,Midwives,Non-Saudi,17,Persons,FY-010,Statistical-Yearbook-2023.xlsx,26
2023,National,Saudi Arabia,MOH Primary Health Care Centers,Midwives,Saudi,221,Persons,FY-010,Statistical-Yearbook-2023.xlsx,26
2023,National,Saudi Arabia,MOH Primary Health Care Centers,Nurses,Non-Saudi,1943,Persons,FY-010,Statistical-Yearbook-2023.xlsx,26
2023,National,Saudi Arabia,MOH Primary Health Care Centers,Nurses,Saudi,17564,Persons,FY-010,Statistical-Yearbook-2023.xlsx,26
2023,National,Saudi Arabia,MOH Primary Health Care Centers,Pharmacists,Non-Saudi,0,Persons,FY-010,Statistical-Yearbook-2023.xlsx,26
2023,National,Saudi Arabia,MOH Primary Health Care Centers,Pharmacists,Saudi,276,Persons,FY-010,Statistical-Yearbook-2023.xlsx,26
2023,National,Saudi Arabia,MOH Primary Health Care Centers,Physicians,Non-Saudi,4685,Persons,FY-010,Statistical-Yearbook-2023.xlsx,26
2023,National,Saudi Arabia,MOH Primary Health Care Centers,Physicians,Saudi,4746,Persons,FY-010,Statistical-Yearbook-2023.xlsx,26
2023,National,Saudi Arabia,MOH Total,Allied Health Personnel,Non-Saudi,2613,Persons,FY-008,Statistical-Yearbook-2023.xlsx,13.
2023,National,Saudi Arabia,MOH Total,Allied Health Personnel,Saudi,83652,Persons,FY-008,Statistical-Yearbook-2023.xlsx,13.
2023,National,Saudi Arabia,MOH Total,Dentists,Non-Saudi,529,Persons,FY-008,Statistical-Yearbook-2023.xlsx,13.
2023,National,Saudi Arabia,MOH Total,Dentists,Saudi,6527,Persons,FY-008,Statistical-Yearbook-2023.xlsx,13.
2023,National,Saudi Arabia,MOH Total,Midwives,Non-Saudi,483,Persons,FY-008,Statistical-Yearbook-2023.xlsx,13.
2023,National,Saudi Arabia,MOH Total,Midwives,Saudi,1206,Persons,FY-008,Statistical-Yearbook-2023.xlsx,13.
2023,National,Saudi Arabia,MOH Total,Nurses,Non-Saudi,36430,Persons,FY-008,Statistical-Yearbook-2023.xlsx,13.
2023,National,Saudi Arabia,MOH Total,Nurses,Saudi,72323,Persons,FY-008,Statistical-Yearbook-2023.xlsx,13.
2023,National,Saudi Arabia,MOH Total,Pharmacists,Non-Saudi,92,Persons,FY-008,Statistical-Yearbook-2023.xlsx,13.
2023,National,Saudi Arabia,MOH Total,Pharmacists,Saudi,4681,Persons,FY-008,Statistical-Yearbook-2023.xlsx,13.
2023,National,Saudi Arabia,MOH Total,Physicians,Non-Saudi,28300,Persons,FY-008,Statistical-Yearbook-2023.xlsx,13.
2023,National,Saudi Arabia,MOH Total,Physicians,Saudi,29960,Persons,FY-008,Statistical-Yearbook-2023.xlsx,13.
2024,National,Saudi Arabia,MOH Primary Health Care Centers,Allied Health Personnel,Non-Saudi,84,Persons,FY-010,Statistical-Yearbook-2024.xlsx,2-42
2024,National,Saudi Arabia,MOH Primary Health Care Centers,Allied Health Personnel,Saudi,12310,Persons,FY-010,Statistical-Yearbook-2024.xlsx,2-42
2024,National,Saudi Arabia,MOH Primary Health Care Centers,Dentists,Non-Saudi,20,Persons,FY-010,Statistical-Yearbook-2024.xlsx,2-42
2024,National,Saudi Arabia,MOH Primary Health Care Centers,Dentists,Saudi,2388,Persons,FY-010,Statistical-Yearbook-2024.xlsx,2-42
2024,National,Saudi Arabia,MOH Primary Health Care Centers,Midwives,Non-Saudi,26,Persons,FY-010,Statistical-Yearbook-2024.xlsx,2-42
2024,National,Saudi Arabia,MOH Primary Health Care Centers,Midwives,Saudi,253,Persons,FY-010,Statistical-Yearbook-2024.xlsx,2-42
2024,National,Saudi Arabia,MOH Primary Health Care Centers,Nurses,Non-Saudi,1991,Persons,FY-010,Statistical-Yearbook-2024.xlsx,2-42
2024,National,Saudi Arabia,MOH Primary Health Care Centers,Nurses,Saudi,14145,Persons,FY-010,Statistical-Yearbook-2024.xlsx,2-42
2024,National,Saudi Arabia,MOH Primary Health Care Centers,Pharmacists,Non-Saudi,4,Persons,FY-010,Statistical-Yearbook-2024.xlsx,2-42
2024,National,Saudi Arabia,MOH Primary Health Care Centers,Pharmacists,Saudi,285,Persons,FY-010,Statistical-Yearbook-2024.xlsx,2-42
2024,National,Saudi Arabia,MOH Primary Health Care Centers,Physicians,Non-Saudi,4438,Persons,FY-010,Statistical-Yearbook-2024.xlsx,2-42
2024,National,Saudi Arabia,MOH Primary Health Care Centers,Physicians,Saudi,5255,Persons,FY-010,Statistical-Yearbook-2024.xlsx,2-42
2024,National,Saudi Arabia,MOH Total,Allied Health Personnel,Non-Saudi,2463,Persons,FY-008,Statistical-Yearbook-2024.xlsx,2-37
2024,National,Saudi Arabia,MOH Total,Allied Health Personnel,Saudi,95862,Persons,FY-008,Statistical-Yearbook-2024.xlsx,2-37
2024,National,Saudi Arabia,MOH Total,Dentists,Non-Saudi,706,Persons,FY-008,Statistical-Yearbook-2024.xlsx,2-37
2024,National,Saudi Arabia,MOH Total,Dentists,Saudi,8625,Persons,FY-008,Statistical-Yearbook-2024.xlsx,2-37
2024,National,Saudi Arabia,MOH Total,Midwives,Non-Saudi,960,Persons,FY-008,Statistical-Yearbook-2024.xlsx,2-37
2024,National,Saudi Arabia,MOH Total,Midwives,Saudi,1448,Persons,FY-008,Statistical-Yearbook-2024.xlsx,2-37
2024,National,Saudi Arabia,MOH Total,Nurses,Non-Saudi,41376,Persons,FY-008,Statistical-Yearbook-2024.xlsx,2-37
2024,National,Saudi Arabia,MOH Total,Nurses,Saudi,75746,Persons,FY-008,Statistical-Yearbook-2024.xlsx,2-37
2024,National,Saudi Arabia,MOH Total,Pharmacists,Non-Saudi,149,Persons,FY-008,Statistical-Yearbook-2024.xlsx,2-37
2024,National,Saudi Arabia,MOH Total,Pharmacists,Saudi,5242,Persons,FY-008,Statistical-Yearbook-2024.xlsx,2-37
2024,National,Saudi Arabia,MOH Total,Physicians,Non-Saudi,31480,Persons,FY-008,Statistical-Yearbook-2024.xlsx,2-37
2024,National,Saudi Arabia,MOH Total,Physicians,Saudi,35923,Persons,FY-008,Statistical-Yearbook-2024.xlsx,2-37
